;model;time;distance;cum_demand_mean;distance_mean;num_nodes_mean;cum_demand_std;distance_std;num_nodes_std;cum_demand_min;distance_min;num_nodes_min;cum_demand_max;distance_max;num_nodes_max;data_id;size
0;RL;0.160965;14.529257416725159;45.545;1.321;9.091;5.803;0.326;1.64;29.0;0.75;5.0;50.0;1.898;11.0;0;100
1;OR-Tools;0.648113;15.762056;45.545;1.433;10.091;5.888;0.519;1.814;30.0;0.631;7.0;50.0;2.466;13.0;0;100
2;RL;0.18048;15.830186188220978;45.182;1.439;9.091;10.088;0.476;3.3;16.0;0.303;2.0;50.0;2.085;14.0;1;100
3;OR-Tools;0.442898;16.9886789;49.7;1.699;11.0;0.675;0.447;1.563;48.0;1.186;9.0;50.0;2.473;14.0;1;100
4;RL;0.187001;13.47650820016861;44.909;1.225;9.091;6.818;0.33;2.119;27.0;0.732;5.0;50.0;1.955;12.0;2;100
5;OR-Tools;0.706861;13.7754306;49.4;1.378;11.0;1.35;0.484;1.247;46.0;0.617;10.0;50.0;2.305;13.0;2;100
6;RL;0.150995;14.802893579006195;45.545;1.346;9.091;9.575;0.304;2.737;17.0;0.993;3.0;50.0;1.975;14.0;3;100
7;OR-Tools;0.545003;15.260301;45.545;1.387;10.091;8.881;0.434;2.844;22.0;0.662;4.0;50.0;1.978;15.0;3;100
8;RL;0.164996;14.463377639651299;44.636;1.315;9.091;11.378;0.577;3.27;11.0;0.163;2.0;50.0;2.356;14.0;4;100
9;OR-Tools;1.044621;14.704744799999999;49.1;1.47;11.0;1.197;0.504;1.633;47.0;0.601;9.0;50.0;2.278;14.0;4;100
10;RL;0.145964;15.58618849515915;46.727;1.417;9.091;4.756;0.462;1.758;35.0;0.795;6.0;50.0;2.254;12.0;5;100
11;OR-Tools;0.676084;15.7858408;46.727;1.435;10.091;4.692;0.45;1.221;34.0;0.831;8.0;50.0;2.234;12.0;5;100
12;RL;0.147994;18.707692325115204;45.455;1.701;9.091;8.017;0.635;2.982;28.0;0.601;4.0;50.0;2.409;13.0;6;100
13;OR-Tools;0.573141;19.2361639;50.0;1.924;11.0;0.0;0.702;1.944;50.0;0.95;7.0;50.0;2.919;14.0;6;100
14;RL;0.147967;14.642366334795952;44.091;1.331;9.091;12.112;0.481;2.982;8.0;0.182;1.0;50.0;1.919;12.0;7;100
15;OR-Tools;0.706626;16.4526227;48.5;1.645;11.0;2.915;0.495;2.211;41.0;0.588;7.0;50.0;2.359;14.0;7;100
16;RL;0.142004;20.166743338108063;47.273;1.833;9.091;6.246;0.586;2.386;29.0;0.592;4.0;50.0;2.777;12.0;8;100
17;OR-Tools;0.725113;20.386278400000002;47.273;1.853;10.091;8.719;0.682;2.625;21.0;0.411;4.0;50.0;3.145;14.0;8;100
18;RL;0.148997;19.418692886829376;47.182;1.765;9.091;5.095;0.465;2.166;33.0;0.781;5.0;50.0;2.533;13.0;9;100
19;OR-Tools;0.743039;20.1963285;47.182;1.836;10.091;5.913;0.521;2.587;33.0;1.006;5.0;50.0;2.562;15.0;9;100
20;RL;0.144997;17.06840467453003;46.182;1.552;9.091;5.947;0.472;1.814;31.0;0.837;6.0;50.0;2.247;13.0;10;100
21;OR-Tools;0.777229;17.3506851;46.182;1.577;10.091;7.291;0.486;2.427;27.0;0.579;6.0;50.0;2.334;15.0;10;100
22;RL;0.161963;16.352004945278168;47.273;1.487;9.091;4.982;0.447;1.921;33.0;0.732;5.0;50.0;2.128;13.0;11;100
23;OR-Tools;0.634916;17.496797099999995;47.273;1.591;10.091;4.671;0.543;1.044;38.0;0.783;8.0;50.0;2.339;12.0;11;100
24;RL;0.146182;18.23650711774826;42.455;1.658;9.091;14.936;0.644;3.534;2.0;0.394;1.0;50.0;2.446;14.0;12;100
25;OR-Tools;0.60722;19.8867067;46.7;1.989;11.0;5.122;0.63;2.108;34.0;1.049;8.0;50.0;3.114;15.0;12;100
26;RL;0.149963;18.00749772787094;44.636;1.637;9.091;9.362;0.635;2.386;21.0;0.786;5.0;50.0;2.477;12.0;13;100
27;OR-Tools;0.491179;17.8920176;49.1;1.789;11.0;1.524;0.67;2.0;46.0;0.673;7.0;50.0;3.0;13.0;13;100
28;RL;0.154963;19.51492154598236;46.1;1.951;10.0;8.621;0.631;2.582;22.0;0.722;4.0;50.0;2.952;14.0;14;100
29;OR-Tools;0.62303;20.0527654;46.1;2.005;11.0;9.608;0.691;2.906;19.0;0.668;5.0;50.0;2.913;16.0;14;100
30;RL;0.149964;19.18404257297516;46.636;1.744;9.091;7.553;0.665;2.809;24.0;0.728;3.0;50.0;2.728;13.0;15;100
31;OR-Tools;1.15508;19.3874368;46.636;1.762;10.091;8.857;0.731;2.256;20.0;0.208;5.0;50.0;2.691;13.0;15;100
32;RL;0.167962;18.706476986408234;46.727;1.701;9.091;10.199;0.751;2.737;16.0;0.129;2.0;50.0;2.842;12.0;16;100
33;OR-Tools;0.990859;19.653966599999997;46.727;1.787;10.091;4.88;0.637;2.256;34.0;0.543;6.0;50.0;2.792;13.0;16;100
34;RL;0.168;15.316023498773575;45.909;1.392;9.091;9.975;0.507;2.914;16.0;0.35;2.0;50.0;2.107;13.0;17;100
35;OR-Tools;0.631161;16.1959007;45.909;1.472;10.091;7.314;0.491;2.548;26.0;0.625;5.0;50.0;2.236;14.0;17;100
36;RL;0.154999;17.707084715366364;46.0;1.771;10.0;7.93;0.682;2.449;26.0;0.502;6.0;50.0;2.599;14.0;18;100
37;OR-Tools;0.749134;18.6147529;46.0;1.861;11.0;11.264;0.682;3.399;14.0;0.287;3.0;50.0;2.708;16.0;18;100
38;RL;0.151001;13.300630331039429;44.8;1.33;10.0;12.951;0.354;3.464;8.0;0.574;1.0;50.0;1.771;13.0;19;100
39;OR-Tools;0.640563;15.0458465;49.778;1.672;12.111;0.441;0.389;1.691;49.0;1.225;10.0;50.0;2.239;14.0;19;100
40;RL;0.149963;17.619662389159203;44.364;1.602;9.091;12.964;0.616;3.113;6.0;0.087;1.0;50.0;2.288;13.0;20;100
41;OR-Tools;0.701945;17.713116;48.8;1.771;11.0;2.486;0.458;1.7;42.0;1.135;8.0;50.0;2.371;14.0;20;100
42;RL;0.156071;16.530445277690887;47.909;1.503;9.091;3.477;0.442;2.256;38.0;0.711;6.0;50.0;2.319;13.0;21;100
43;OR-Tools;0.667981;16.8893153;47.909;1.535;10.091;2.737;0.676;2.023;42.0;0.536;8.0;50.0;2.922;14.0;21;100
44;RL;0.151963;16.337021559476852;44.727;1.485;9.091;10.277;0.56;2.879;14.0;0.345;2.0;50.0;2.301;13.0;22;100
45;OR-Tools;0.716108;17.533638699999997;49.2;1.753;11.0;0.919;0.552;1.491;48.0;0.969;9.0;50.0;2.849;13.0;22;100
46;RL;0.140965;18.980916559696198;45.25;1.582;8.333;9.077;0.542;1.826;20.0;0.546;6.0;50.0;2.377;11.0;23;100
47;OR-Tools;0.702084;19.275275;49.364;1.752;10.091;0.809;0.551;1.514;48.0;0.937;9.0;50.0;2.427;13.0;23;100
48;RL;0.139013;16.642143175005913;45.364;1.513;9.091;12.102;0.593;3.048;9.0;0.104;1.0;50.0;2.159;12.0;24;100
49;OR-Tools;0.746038;17.204011599999998;45.364;1.564;10.091;12.11;0.616;3.448;9.0;0.104;2.0;50.0;2.239;15.0;24;100
50;RL;0.156964;16.33321315050125;46.909;1.485;9.091;3.961;0.434;1.514;36.0;0.778;7.0;50.0;2.158;12.0;25;100
51;OR-Tools;0.621036;16.5699294;46.909;1.506;10.091;6.685;0.451;1.921;27.0;0.854;6.0;50.0;2.237;13.0;25;100
52;RL;0.15499;13.665040165185928;43.455;1.242;9.091;12.185;0.38;3.3;8.0;0.181;1.0;50.0;1.683;13.0;26;100
53;OR-Tools;0.711015;13.749762699999998;47.8;1.375;11.0;2.573;0.2;1.764;43.0;1.09;9.0;50.0;1.741;15.0;26;100
54;RL;0.166965;13.777840971946716;45.545;1.253;9.091;5.502;0.395;2.256;31.0;0.447;4.0;50.0;1.941;12.0;27;100
55;OR-Tools;0.624548;13.823247299999998;45.545;1.257;10.091;8.371;0.497;2.879;23.0;0.366;4.0;50.0;2.17;13.0;27;100
56;RL;0.150032;16.46123379468918;47.0;1.646;10.0;5.033;0.457;1.333;34.0;0.872;8.0;50.0;2.273;12.0;28;100
57;OR-Tools;0.674615;16.5905409;47.0;1.659;11.0;4.922;0.506;2.108;34.0;1.035;8.0;50.0;2.372;14.0;28;100
58;RL;0.140962;19.755119383335114;43.083;1.646;8.333;14.687;0.707;3.651;7.0;0.377;1.0;50.0;2.507;13.0;29;100
59;OR-Tools;0.78303;20.7940413;47.0;1.89;10.091;7.694;0.706;2.625;24.0;0.456;5.0;50.0;3.154;14.0;29;100
60;RL;0.151965;22.364884853363037;48.0;2.033;9.091;4.099;0.471;1.973;36.0;1.079;5.0;50.0;2.697;12.0;30;100
61;OR-Tools;0.52577;22.9489387;48.0;2.086;10.091;4.796;0.712;2.119;34.0;0.803;7.0;50.0;2.941;14.0;30;100
62;RL;0.158889;19.320205233991146;44.727;1.756;9.091;12.642;0.74;2.982;7.0;0.052;1.0;50.0;2.731;12.0;31;100
63;OR-Tools;0.528392;19.836530100000004;49.2;1.984;11.0;1.619;0.606;1.247;45.0;0.747;9.0;50.0;2.754;13.0;31;100
64;RL;0.144331;18.109994649887085;43.818;1.646;9.091;11.99;0.774;3.36;14.0;0.467;2.0;50.0;2.577;13.0;32;100
65;OR-Tools;0.669989;18.0818486;48.2;1.808;11.0;2.821;0.643;2.667;41.0;0.724;7.0;50.0;2.536;16.0;32;100
66;RL;0.139961;16.495638608932495;48.364;1.5;9.091;1.804;0.404;1.578;45.0;0.938;6.0;50.0;2.055;11.0;33;100
67;OR-Tools;0.468006;16.6851669;48.364;1.517;10.091;3.906;0.589;1.375;37.0;0.64;8.0;50.0;2.463;12.0;33;100
68;RL;0.152018;16.2396841943264;44.909;1.476;9.091;13.308;0.434;3.048;5.0;0.372;1.0;50.0;2.05;12.0;34;100
69;OR-Tools;0.570766;16.722491;49.4;1.672;11.0;1.35;0.376;2.16;46.0;1.032;7.0;50.0;2.15;14.0;34;100
70;RL;0.145962;19.620053935796022;44.364;1.784;9.091;12.979;0.859;3.506;6.0;0.052;1.0;50.0;2.65;13.0;35;100
71;OR-Tools;0.748037;20.244553;48.8;2.024;11.0;2.251;0.722;2.108;43.0;0.496;7.0;50.0;2.847;15.0;35;100
72;RL;0.156;18.46606333553791;45.091;1.679;9.091;12.365;0.724;3.477;8.0;0.198;1.0;50.0;2.795;13.0;36;100
73;OR-Tools;0.518037;19.3335373;49.6;1.933;11.0;1.265;0.626;1.247;46.0;1.095;9.0;50.0;3.053;13.0;36;100
74;RL;0.153742;14.430300921201706;45.0;1.443;10.0;9.262;0.494;3.399;20.0;0.323;3.0;50.0;1.932;15.0;37;100
75;OR-Tools;0.530034;14.285554800000002;45.0;1.429;11.0;10.077;0.582;3.055;20.0;0.323;4.0;50.0;2.214;14.0;37;100
76;RL;0.144967;17.26610839366913;43.545;1.57;9.091;9.802;0.593;2.212;22.0;0.51;4.0;50.0;2.615;12.0;38;100
77;OR-Tools;0.578177;17.5532874;47.9;1.755;11.0;5.28;0.636;1.491;33.0;0.659;8.0;50.0;2.886;13.0;38;100
78;RL;0.143992;15.904358983039856;47.545;1.446;9.091;4.967;0.389;2.166;33.0;0.887;6.0;50.0;2.091;12.0;39;100
79;OR-Tools;0.548034;16.4887288;47.545;1.499;10.091;6.235;0.488;2.166;29.0;0.527;6.0;50.0;2.187;15.0;39;100
80;RL;0.153968;16.414501011371613;47.25;1.368;8.333;7.665;0.53;1.875;23.0;0.416;4.0;50.0;2.232;11.0;40;100
81;OR-Tools;0.635817;16.760087300000002;47.25;1.397;9.333;6.454;0.498;1.875;27.0;0.598;5.0;50.0;2.249;12.0;40;100
82;RL;0.151033;15.751320600509644;45.273;1.432;9.091;6.665;0.46;2.982;28.0;0.673;4.0;50.0;2.185;15.0;41;100
83;OR-Tools;0.547991;17.0699989;49.8;1.707;11.0;0.632;0.584;1.155;48.0;1.104;10.0;50.0;3.151;14.0;41;100
84;RL;0.160477;20.395790472626686;44.818;1.854;9.091;13.984;0.706;3.048;3.0;0.171;1.0;50.0;2.851;12.0;42;100
85;OR-Tools;0.901038;22.155928799999998;49.3;2.216;11.0;1.252;0.6;2.494;47.0;1.338;8.0;50.0;3.184;15.0;42;100
86;RL;0.134968;15.830816864967346;47.9;1.583;10.0;1.595;0.576;3.197;46.0;0.915;6.0;50.0;2.734;17.0;43;100
87;OR-Tools;0.461055;16.460701099999998;47.9;1.646;11.0;5.953;0.694;2.494;31.0;0.371;6.0;50.0;2.977;15.0;43;100
88;RL;0.158996;18.847543954849243;48.9;1.885;10.0;1.37;0.493;1.563;46.0;1.188;8.0;50.0;2.84;13.0;44;100
89;OR-Tools;0.507071;19.5754045;48.9;1.958;11.0;1.197;0.583;1.414;46.0;1.094;9.0;50.0;3.029;14.0;44;100
90;RL;0.14296;19.363469049334526;42.0;1.489;7.692;14.566;0.649;3.066;8.0;0.119;1.0;50.0;2.406;11.0;45;100
91;OR-Tools;0.45178;19.9238019;49.636;1.811;10.091;0.809;0.607;1.3;48.0;0.674;8.0;50.0;3.141;13.0;45;100
92;RL;0.143961;21.165692806243896;45.0;1.924;9.091;11.747;0.715;2.914;10.0;0.336;2.0;50.0;2.835;12.0;46;100
93;OR-Tools;0.742782;20.402850800000003;49.5;2.04;11.0;1.08;0.685;2.211;47.0;0.748;8.0;50.0;2.822;15.0;46;100
94;RL;0.156995;16.718533873558044;43.667;1.393;8.333;10.637;0.616;2.807;15.0;0.569;3.0;50.0;2.505;12.0;47;100
95;OR-Tools;0.851454;17.9913048;47.636;1.636;10.091;4.61;0.607;1.973;34.0;0.86;7.0;50.0;2.696;14.0;47;100
96;RL;0.136998;17.622597128152847;44.0;1.602;9.091;10.08;0.654;2.914;23.0;0.389;4.0;50.0;2.434;13.0;48;100
97;OR-Tools;0.626404;17.965795099999998;48.4;1.797;11.0;2.319;0.641;1.563;44.0;0.976;9.0;50.0;2.71;14.0;48;100
98;RL;0.154964;17.046736240386963;45.909;1.55;9.091;10.348;0.559;3.081;15.0;0.708;3.0;50.0;2.529;14.0;49;100
99;OR-Tools;0.868369;16.9600286;45.909;1.542;10.091;7.752;0.621;2.166;28.0;0.682;6.0;50.0;2.714;13.0;49;100
100;RL;0.162962;15.132250368595123;43.917;1.261;8.333;11.626;0.434;2.839;8.0;0.167;1.0;50.0;1.77;12.0;50;100
101;OR-Tools;0.761223;14.5185703;47.909;1.32;10.091;3.33;0.277;1.814;39.0;0.761;6.0;50.0;1.86;13.0;50;100
102;RL;0.154517;16.309261441230774;46.545;1.483;9.091;7.244;0.487;2.548;25.0;0.735;4.0;50.0;2.138;13.0;51;100
103;OR-Tools;0.617027;16.908604899999997;46.545;1.537;10.091;7.917;0.649;2.663;23.0;0.357;4.0;50.0;2.691;14.0;51;100
104;RL;0.141351;18.975710272789;41.917;1.581;8.333;16.384;0.731;3.75;5.0;0.172;1.0;50.0;2.605;14.0;52;100
105;OR-Tools;0.785707;19.0615955;45.727;1.733;10.091;10.031;0.746;3.048;16.0;0.242;3.0;50.0;3.05;14.0;52;100
106;RL;0.155037;14.224173784255981;47.0;1.293;9.091;3.924;0.234;1.7;39.0;0.897;7.0;50.0;1.627;12.0;53;100
107;OR-Tools;0.614679;14.024125100000001;47.0;1.275;10.091;4.98;0.407;1.814;33.0;0.543;6.0;50.0;1.717;13.0;53;100
108;RL;0.141995;19.498802334070206;45.917;1.625;8.333;8.339;0.644;2.103;23.0;0.428;3.0;50.0;2.454;10.0;54;100
109;OR-Tools;0.851742;20.3849415;45.917;1.699;9.333;7.775;0.71;2.348;28.0;0.395;5.0;50.0;2.621;12.0;54;100
110;RL;0.161393;16.596321865916252;44.909;1.509;9.091;12.357;0.658;3.208;8.0;0.223;1.0;50.0;2.41;14.0;55;100
111;OR-Tools;0.519786;16.8219224;49.4;1.682;11.0;1.35;0.611;1.333;46.0;0.994;9.0;50.0;2.848;14.0;55;100
112;RL;0.165966;16.09277766942978;45.091;1.463;9.091;8.154;0.565;3.208;27.0;0.699;4.0;50.0;2.169;14.0;56;100
113;OR-Tools;0.398001;17.7463959;49.6;1.775;11.0;0.699;0.558;1.414;48.0;0.869;9.0;50.0;2.773;14.0;56;100
114;RL;0.141869;15.492312669754028;46.273;1.408;9.091;7.538;0.515;2.343;25.0;0.615;4.0;50.0;1.983;12.0;57;100
115;OR-Tools;0.807842;15.588686800000001;46.273;1.417;10.091;6.944;0.582;2.3;28.0;0.486;5.0;50.0;2.181;13.0;57;100
116;RL;0.159534;14.992877334356308;43.818;1.363;9.091;12.098;0.666;3.3;9.0;0.137;1.0;50.0;2.241;13.0;58;100
117;OR-Tools;0.870001;16.6387332;48.2;1.664;11.0;2.15;0.624;2.211;43.0;0.853;8.0;50.0;2.401;14.0;58;100
118;RL;0.145965;21.588349550962448;45.333;1.799;8.333;11.672;0.648;2.774;9.0;0.173;1.0;50.0;2.731;12.0;59;100
119;OR-Tools;0.758556;22.9603805;49.455;2.087;10.091;0.688;0.515;1.578;48.0;1.355;9.0;50.0;2.807;14.0;59;100
120;RL;0.170484;16.494527846574783;43.091;1.5;9.091;12.747;0.664;3.39;14.0;0.264;3.0;50.0;2.183;14.0;60;100
121;OR-Tools;0.578653;16.7333428;47.4;1.673;11.0;5.816;0.591;2.449;31.0;0.445;6.0;50.0;2.351;14.0;60;100
122;RL;0.147967;15.284488022327423;48.1;1.528;10.0;1.524;0.435;2.055;45.0;0.832;8.0;50.0;2.197;14.0;61;100
123;OR-Tools;0.464037;15.7500067;48.1;1.575;11.0;3.542;0.548;2.108;39.0;0.77;8.0;50.0;2.495;14.0;61;100
124;RL;0.151962;14.569336503744125;45.273;1.324;9.091;12.076;0.542;2.948;9.0;0.051;1.0;50.0;2.064;12.0;62;100
125;OR-Tools;0.554011;16.1776804;49.8;1.618;11.0;0.422;0.664;2.0;49.0;0.66;8.0;50.0;2.605;15.0;62;100
126;RL;0.153982;19.316199839115143;47.091;1.756;9.091;6.441;0.579;2.212;28.0;0.595;5.0;50.0;2.459;13.0;63;100
127;OR-Tools;0.724045;19.454472;47.091;1.769;10.091;8.677;0.627;3.113;21.0;0.463;4.0;50.0;2.524;15.0;63;100
128;RL;0.173993;20.401837840676308;45.545;1.855;9.091;13.808;0.743;2.948;4.0;0.122;1.0;50.0;2.808;12.0;64;100
129;OR-Tools;0.930633;20.417652200000003;45.545;1.856;10.091;11.44;0.785;2.773;12.0;0.125;3.0;50.0;2.773;14.0;64;100
130;RL;0.137965;16.34828943014145;44.182;1.486;9.091;9.704;0.506;2.914;17.0;0.483;2.0;50.0;2.229;13.0;65;100
131;OR-Tools;0.784485;16.8546231;48.6;1.685;11.0;3.777;0.518;1.491;38.0;0.846;9.0;50.0;2.373;13.0;65;100
132;RL;0.134212;17.310454159975052;44.833;1.443;8.333;12.848;0.507;2.741;5.0;0.473;1.0;50.0;2.171;12.0;66;100
133;OR-Tools;0.505362;18.377355700000003;48.909;1.671;10.091;2.7;0.501;1.514;41.0;0.733;8.0;50.0;2.331;13.0;66;100
134;RL;0.135974;14.66855674982071;48.8;1.467;10.0;1.687;0.488;2.789;45.0;0.574;7.0;50.0;2.226;15.0;67;100
135;OR-Tools;0.549123;15.770357200000003;48.8;1.577;11.0;2.15;0.55;1.826;43.0;0.625;8.0;50.0;2.467;14.0;67;100
136;RL;0.160801;15.27860426902771;47.0;1.389;9.091;3.768;0.319;1.64;37.0;1.027;7.0;50.0;1.894;13.0;68;100
137;OR-Tools;0.614214;15.4178779;47.0;1.402;10.091;4.96;0.44;1.921;35.0;0.656;6.0;50.0;2.11;14.0;68;100
138;RL;0.146965;14.757172703742981;46.0;1.342;9.091;6.542;0.419;1.514;27.0;0.776;7.0;50.0;1.896;11.0;69;100
139;OR-Tools;0.691588;14.882513799999998;46.0;1.353;10.091;7.239;0.451;2.256;25.0;0.602;5.0;50.0;1.868;14.0;69;100
140;RL;0.18398;19.594138264656067;44.917;1.633;8.333;9.366;0.548;2.015;23.0;0.72;4.0;50.0;2.392;11.0;70;100
141;OR-Tools;0.769629;19.7897985;49.0;1.799;10.091;2.683;0.634;1.221;41.0;0.904;9.0;50.0;2.592;12.0;70;100
142;RL;0.140085;15.651187419891357;44.667;1.304;8.333;7.303;0.412;2.348;24.0;0.696;4.0;50.0;2.0;12.0;71;100
143;OR-Tools;0.603666;16.017551;48.727;1.456;10.091;3.901;0.559;2.427;37.0;0.599;8.0;50.0;2.409;16.0;71;100
144;RL;0.164963;17.311341881752014;45.818;1.574;9.091;11.583;0.494;2.773;11.0;0.471;2.0;50.0;2.182;13.0;72;100
145;OR-Tools;0.583825;17.097836800000003;45.818;1.554;10.091;10.313;0.53;2.548;15.0;0.27;3.0;50.0;2.09;13.0;72;100
146;RL;0.240001;18.01834386587143;44.455;1.638;9.091;9.321;0.683;2.948;23.0;0.407;3.0;50.0;2.619;12.0;73;100
147;OR-Tools;0.732002;19.067008;48.9;1.907;11.0;1.912;0.5;1.944;44.0;1.222;8.0;50.0;3.094;13.0;73;100
148;RL;0.200961;14.26285195350647;45.455;1.297;9.091;7.929;0.399;2.914;23.0;0.476;3.0;50.0;1.815;13.0;74;100
149;OR-Tools;0.699883;15.632222200000003;45.455;1.421;10.091;12.786;0.511;2.879;7.0;0.185;2.0;50.0;2.04;13.0;74;100
150;RL;0.190997;17.65735524892807;47.0;1.605;9.091;5.639;0.569;2.343;33.0;0.95;5.0;50.0;2.579;13.0;75;100
151;OR-Tools;0.657081;17.444936000000002;47.0;1.586;10.091;8.649;0.51;2.548;21.0;0.694;5.0;50.0;2.38;13.0;75;100
152;RL;0.165965;14.408040642738342;45.455;1.31;9.091;9.678;0.349;2.914;17.0;0.573;2.0;50.0;1.692;12.0;76;100
153;OR-Tools;0.761005;14.701575999999998;45.455;1.337;10.091;7.84;0.331;2.587;29.0;0.671;6.0;50.0;1.717;14.0;76;100
154;RL;0.146029;17.97572886943817;46.455;1.634;9.091;9.812;0.652;2.468;17.0;0.288;2.0;50.0;2.431;11.0;77;100
155;OR-Tools;0.588;18.447772;46.455;1.677;10.091;8.165;0.808;2.508;22.0;0.254;4.0;50.0;3.356;14.0;77;100
156;RL;0.142962;19.693525433540344;43.636;1.79;9.091;10.689;0.662;3.448;20.0;0.594;3.0;50.0;2.535;14.0;78;100
157;OR-Tools;0.662082;19.2730225;48.0;1.927;11.0;3.333;0.67;1.491;39.0;0.566;9.0;50.0;2.695;13.0;78;100
158;RL;0.16497;15.966432809829712;47.5;1.597;10.0;2.506;0.514;2.261;42.0;0.712;7.0;50.0;2.344;13.0;79;100
159;OR-Tools;0.710063;16.629676999999997;47.5;1.663;11.0;6.884;0.665;2.16;28.0;0.607;6.0;50.0;2.93;14.0;79;100
160;RL;0.163019;14.15949696302414;45.636;1.287;9.091;9.179;0.385;2.427;20.0;0.679;3.0;50.0;1.965;13.0;80;100
161;OR-Tools;0.817046;14.527771300000001;45.636;1.321;10.091;7.672;0.38;1.868;26.0;0.735;7.0;50.0;1.993;13.0;80;100
162;RL;0.141963;19.40144571661949;44.25;1.617;8.333;11.81;0.604;2.839;8.0;0.471;1.0;50.0;2.496;12.0;81;100
163;OR-Tools;0.923621;18.689844500000003;48.273;1.699;10.091;2.24;0.499;1.973;43.0;0.821;7.0;50.0;2.326;13.0;81;100
164;RL;0.185998;17.012651845812798;43.182;1.547;9.091;12.813;0.703;3.177;8.0;0.173;2.0;50.0;2.473;14.0;82;100
165;OR-Tools;0.757753;17.5930562;47.5;1.759;11.0;3.536;0.585;2.357;40.0;0.961;7.0;50.0;2.731;14.0;82;100
166;RL;0.16896;14.718953907489777;43.455;1.338;9.091;12.62;0.518;3.33;6.0;0.37;1.0;50.0;1.949;13.0;83;100
167;OR-Tools;0.607079;14.3526959;47.8;1.435;11.0;3.425;0.53;2.16;41.0;0.746;8.0;50.0;2.103;13.0;83;100
168;RL;0.141965;14.061033010482788;43.909;1.278;9.091;12.988;0.487;2.982;5.0;0.076;1.0;50.0;2.02;12.0;84;100
169;OR-Tools;0.611035;14.751812300000001;48.3;1.475;11.0;4.084;0.462;2.211;37.0;0.835;9.0;50.0;2.504;15.0;84;100
170;RL;0.185131;14.97542142868042;48.5;1.498;10.0;1.841;0.453;2.055;44.0;0.938;8.0;50.0;2.069;15.0;85;100
171;OR-Tools;0.813429;16.0903313;48.5;1.609;11.0;3.064;0.559;1.826;40.0;0.651;9.0;50.0;2.648;15.0;85;100
172;RL;0.139001;15.778333008289337;45.273;1.434;9.091;9.971;0.423;2.844;16.0;0.568;2.0;50.0;1.917;13.0;86;100
173;OR-Tools;0.726969;15.418926599999999;45.273;1.402;10.091;7.016;0.492;2.119;28.0;0.772;6.0;50.0;2.346;14.0;86;100
174;RL;0.158953;18.14209544658661;45.636;1.649;9.091;9.584;0.667;2.844;20.0;0.726;3.0;50.0;2.764;13.0;87;100
175;OR-Tools;0.550658;19.1398735;45.636;1.74;10.091;9.298;0.665;2.737;18.0;0.242;3.0;50.0;2.701;13.0;87;100
176;RL;0.173983;16.603525042533875;46.3;1.66;10.0;9.334;0.61;3.127;20.0;0.662;4.0;50.0;2.619;14.0;88;100
177;OR-Tools;0.999019;16.9220119;46.3;1.692;11.0;6.977;0.626;2.667;28.0;0.644;7.0;50.0;2.535;15.0;88;100
178;RL;0.144962;17.275283098220825;48.7;1.728;10.0;1.567;0.468;1.886;46.0;1.196;8.0;50.0;2.467;13.0;89;100
179;OR-Tools;0.530006;17.9207342;48.7;1.792;11.0;2.263;0.529;2.108;43.0;0.992;8.0;50.0;2.708;15.0;89;100
180;RL;0.16996;18.38685131072998;44.909;1.672;9.091;11.768;0.731;3.048;10.0;0.108;2.0;50.0;2.648;13.0;90;100
181;OR-Tools;0.419004;18.5578796;49.4;1.856;11.0;1.265;0.665;1.333;46.0;0.683;9.0;50.0;2.802;14.0;90;100
182;RL;0.144959;17.762458741664886;45.455;1.615;9.091;8.347;0.547;2.663;21.0;0.366;3.0;50.0;2.165;12.0;91;100
183;OR-Tools;0.601357;18.0376498;45.455;1.64;10.091;10.367;0.595;2.773;15.0;0.536;3.0;50.0;2.324;13.0;91;100
184;RL;0.150963;19.172153055667877;47.6;1.917;10.0;4.835;0.592;2.211;34.0;0.739;6.0;50.0;2.792;13.0;92;100
185;OR-Tools;0.615037;19.663134099999997;47.6;1.966;11.0;5.125;0.708;2.539;34.0;0.975;8.0;50.0;3.101;16.0;92;100
186;RL;0.166965;15.868962652981281;43.667;1.322;8.333;13.707;0.559;2.964;2.0;0.074;1.0;50.0;2.066;12.0;93;100
187;OR-Tools;0.67952;15.521648599999999;47.636;1.411;10.091;2.58;0.442;1.758;42.0;0.618;8.0;50.0;2.042;13.0;93;100
188;RL;0.180017;18.57373470067978;42.818;1.689;9.091;14.979;0.656;3.59;4.0;0.594;1.0;50.0;2.624;13.0;94;100
189;OR-Tools;0.624631;19.003094700000002;47.1;1.9;11.0;6.488;0.679;1.7;29.0;0.903;7.0;50.0;2.971;13.0;94;100
190;RL;0.194;18.596717566251755;44.273;1.691;9.091;13.237;0.729;3.239;6.0;0.17;2.0;50.0;2.569;13.0;95;100
191;OR-Tools;0.791038;18.719642;48.7;1.872;11.0;2.497;0.532;1.826;42.0;0.912;8.0;50.0;2.838;15.0;95;100
192;RL;0.151996;14.219768285751343;46.9;1.422;10.0;4.932;0.349;1.764;35.0;0.908;8.0;50.0;1.85;13.0;96;100
193;OR-Tools;0.577086;15.0364707;46.9;1.504;11.0;6.42;0.472;2.261;29.0;0.751;8.0;50.0;2.078;16.0;96;100
194;RL;0.164977;15.784248232841492;48.455;1.435;9.091;1.809;0.503;1.758;45.0;0.562;7.0;50.0;2.089;13.0;97;100
195;OR-Tools;1.013939;18.090783499999997;48.455;1.645;10.091;3.857;0.678;1.868;37.0;0.557;7.0;50.0;2.787;13.0;97;100
196;RL;0.152996;16.967873111367226;41.167;1.414;8.333;13.183;0.717;3.055;8.0;0.207;1.0;50.0;2.246;12.0;98;100
197;OR-Tools;0.756664;16.979944099999997;49.4;1.698;11.0;0.699;0.5;1.414;48.0;1.094;9.0;50.0;2.354;13.0;98;100
198;RL;0.148237;16.25161921977997;46.909;1.477;9.091;8.608;0.362;2.3;21.0;0.714;4.0;50.0;2.027;12.0;99;100
199;OR-Tools;0.73118;16.7338688;46.909;1.521;10.091;8.677;0.393;2.587;21.0;0.87;5.0;50.0;2.073;15.0;99;100
0;RL;0.085002;10.81038248538971;35.857;1.544;7.143;6.203;0.471;1.864;23.0;0.689;4.0;40.0;1.991;10.0;0;50
1;OR-Tools;0.23361;10.9300517;35.857;1.561;8.143;5.242;0.637;2.116;25.0;0.62;5.0;40.0;2.701;12.0;0;50
2;RL;0.066645;11.00742781162262;34.375;1.376;6.25;10.914;0.584;2.252;8.0;0.184;1.0;40.0;2.097;8.0;1;50
3;OR-Tools;0.204123;12.1308592;39.286;1.733;8.143;1.496;0.506;1.215;36.0;0.903;6.0;40.0;2.456;9.0;1;50
4;RL;0.09899;12.214496582746506;33.143;1.745;7.143;10.976;0.749;2.911;9.0;0.256;1.0;40.0;2.617;9.0;2;50
5;OR-Tools;0.260002;12.1267353;38.667;2.021;9.333;2.16;0.721;1.633;35.0;1.232;7.0;40.0;3.33;12.0;2;50
6;RL;0.102993;12.881683260202408;34.429;1.84;7.143;12.15;0.766;3.024;7.0;0.419;1.0;40.0;2.682;10.0;3;50
7;OR-Tools;0.40666;13.597683;34.429;1.943;8.143;12.191;0.83;3.485;7.0;0.419;2.0;40.0;2.827;13.0;3;50
8;RL;0.096002;9.519137978553772;36.667;1.587;8.333;6.218;0.481;2.582;24.0;0.714;4.0;40.0;2.086;12.0;4;50
9;OR-Tools;0.227002;9.052435199999998;36.667;1.509;9.333;6.743;0.431;2.066;23.0;0.98;7.0;40.0;2.103;13.0;4;50
10;RL;0.09002;12.292929708957672;38.286;1.756;7.143;2.36;0.656;1.574;34.0;0.743;5.0;40.0;2.332;9.0;5;50
11;OR-Tools;0.204027;12.7479988;38.286;1.821;8.143;0.756;0.638;1.345;37.0;0.773;6.0;39.0;2.559;10.0;5;50
12;RL;0.108965;12.355603158473969;35.286;1.765;7.143;7.868;0.658;2.545;18.0;0.799;2.0;40.0;2.583;10.0;6;50
13;OR-Tools;0.22605;12.627321899999998;35.286;1.804;8.143;12.038;0.738;2.545;8.0;0.365;3.0;40.0;2.451;11.0;6;50
14;RL;0.079979;10.111331224441528;35.857;1.444;7.143;6.669;0.528;2.268;21.0;0.647;4.0;40.0;2.24;11.0;7;50
15;OR-Tools;0.216037;9.727157100000001;35.857;1.39;8.143;6.122;0.419;1.864;23.0;0.751;5.0;40.0;2.011;10.0;7;50
16;RL;0.092996;9.804995775222778;34.714;1.401;7.143;6.37;0.265;1.864;24.0;1.116;5.0;39.0;1.711;10.0;8;50
17;OR-Tools;0.189053;9.3635476;34.714;1.338;8.143;6.701;0.271;1.069;24.0;1.076;7.0;40.0;1.887;10.0;8;50
18;RL;0.08299;10.838551044464111;37.0;1.548;7.143;2.582;0.331;2.193;33.0;1.041;4.0;40.0;1.842;10.0;9;50
19;OR-Tools;0.285999;11.401129000000003;37.0;1.629;8.143;5.033;0.345;2.268;26.0;1.105;6.0;40.0;2.104;13.0;9;50
20;RL;0.075958;10.752607703208923;36.714;1.536;7.143;7.387;0.508;1.345;20.0;0.751;5.0;40.0;2.17;9.0;10;50
21;OR-Tools;0.210038;11.089761500000002;36.714;1.584;8.143;2.36;0.446;1.464;33.0;0.739;6.0;40.0;2.039;10.0;10;50
22;RL;0.066998;11.858392477035522;36.571;1.694;7.143;2.76;0.426;1.864;31.0;1.043;6.0;39.0;2.376;11.0;11;50
23;OR-Tools;0.205041;12.0630092;36.571;1.723;8.143;7.39;0.706;1.952;20.0;0.589;4.0;40.0;2.796;10.0;11;50
24;RL;0.087988;10.27988463640213;35.167;1.713;8.333;8.377;0.763;2.875;19.0;0.57;4.0;40.0;2.574;12.0;12;50
25;OR-Tools;0.228039;10.9588218;35.167;1.826;9.333;8.727;0.747;1.506;18.0;0.985;8.0;40.0;2.75;12.0;12;50
26;RL;0.075495;9.900655090808868;38.667;1.65;8.333;1.366;0.511;1.633;36.0;0.939;6.0;40.0;2.364;11.0;13;50
27;OR-Tools;0.258;10.5125859;38.667;1.752;9.333;1.366;0.508;1.506;36.0;0.981;7.0;40.0;2.551;11.0;13;50
28;RL;0.087995;13.15854525566101;36.143;1.88;7.143;8.915;0.651;2.61;16.0;0.529;2.0;40.0;2.602;10.0;14;50
29;OR-Tools;0.207036;13.401193899999999;36.143;1.914;8.143;4.525;0.648;1.464;27.0;1.042;6.0;40.0;2.866;9.0;14;50
30;RL;0.081997;8.988029479980469;34.714;1.284;7.143;3.302;0.404;2.193;31.0;0.839;4.0;39.0;1.932;10.0;15;50
31;OR-Tools;0.259035;8.8232133;34.714;1.26;8.143;11.8;0.744;3.185;8.0;0.039;2.0;40.0;2.282;12.0;15;50
32;RL;0.081999;10.784808665513992;34.714;1.541;7.143;11.87;0.753;3.078;8.0;0.249;1.0;40.0;2.547;11.0;16;50
33;OR-Tools;0.313536;11.4693619;34.714;1.638;8.143;10.996;0.744;2.61;10.0;0.346;3.0;40.0;2.661;11.0;16;50
34;RL;0.089997;11.2611945271492;38.143;1.609;7.143;3.185;0.529;1.574;31.0;0.999;5.0;40.0;2.347;9.0;17;50
35;OR-Tools;0.142035;11.339989000000003;38.143;1.62;8.143;2.41;0.607;1.464;35.0;0.722;6.0;40.0;2.375;10.0;17;50
36;RL;0.080963;12.267880737781525;33.714;1.753;7.143;13.175;0.739;3.185;4.0;0.223;1.0;40.0;2.436;11.0;18;50
37;OR-Tools;0.202001;12.698427599999999;39.333;2.116;9.333;0.816;0.534;2.251;38.0;1.352;6.0;40.0;2.865;13.0;18;50
38;RL;0.083993;10.150092840194702;37.857;1.45;7.143;4.413;0.183;1.464;28.0;1.129;5.0;40.0;1.736;9.0;19;50
39;OR-Tools;0.223;9.9866692;37.857;1.427;8.143;1.952;0.217;1.215;34.0;1.127;6.0;40.0;1.667;9.0;19;50
40;RL;0.087996;10.546906352043152;35.714;1.507;7.143;6.317;0.706;2.795;22.0;0.626;3.0;40.0;2.758;12.0;20;50
41;OR-Tools;0.20805;10.950097;35.714;1.564;8.143;4.572;0.704;2.734;28.0;0.659;5.0;40.0;2.511;12.0;20;50
42;RL;0.08;11.267120838165283;36.333;1.878;8.333;6.218;0.599;2.944;24.0;1.07;4.0;40.0;2.497;13.0;21;50
43;OR-Tools;0.169033;12.468913200000001;36.333;2.078;9.333;8.017;0.493;2.422;20.0;1.281;5.0;40.0;2.612;12.0;21;50
44;RL;0.082033;10.220133125782013;35.143;1.46;7.143;9.082;0.555;2.795;15.0;0.454;2.0;40.0;2.122;11.0;22;50
45;OR-Tools;0.211041;10.2079457;35.143;1.458;8.143;6.866;0.545;2.268;20.0;0.49;4.0;40.0;2.051;11.0;22;50
46;RL;0.075964;12.065332531929016;38.5;2.011;8.333;3.674;0.478;2.066;31.0;1.238;6.0;40.0;2.721;12.0;23;50
47;OR-Tools;0.220036;12.4891557;38.5;2.082;9.333;1.643;0.661;1.633;36.0;1.091;7.0;40.0;2.856;12.0;23;50
48;RL;0.072963;12.777726233005524;33.875;1.597;6.25;10.106;0.611;1.581;10.0;0.672;3.0;40.0;2.274;8.0;24;50
49;OR-Tools;0.187004;12.5948799;38.714;1.799;8.143;1.113;0.571;1.069;37.0;0.995;7.0;40.0;2.591;10.0;24;50
50;RL;0.078997;13.216472208499908;33.75;1.652;6.25;9.75;0.835;2.605;17.0;0.554;2.0;40.0;3.029;10.0;25;50
51;OR-Tools;0.162999;12.809295;38.571;1.83;8.143;2.149;0.737;2.193;35.0;0.878;6.0;40.0;2.924;12.0;25;50
52;RL;0.069964;9.43043726682663;36.714;1.347;7.143;3.402;0.412;1.574;30.0;0.834;5.0;40.0;1.769;10.0;26;50
53;OR-Tools;0.19404;9.408021199999999;36.714;1.344;8.143;5.314;0.387;2.193;25.0;0.787;5.0;40.0;1.723;12.0;26;50
54;RL;0.074007;9.180240035057068;35.429;1.311;7.143;8.284;0.581;2.795;17.0;0.228;2.0;40.0;2.008;11.0;27;50
55;OR-Tools;0.215039;9.6070399;35.429;1.372;8.143;6.925;0.673;2.854;21.0;0.473;5.0;40.0;2.237;12.0;27;50
56;RL;0.082966;9.97633171081543;36.429;1.425;7.143;6.604;0.661;2.545;22.0;0.45;3.0;40.0;2.64;11.0;28;50
57;OR-Tools;0.224553;10.7009876;36.429;1.529;8.143;6.451;0.733;2.61;22.0;0.45;4.0;40.0;2.686;12.0;28;50
58;RL;0.074033;10.091912358999252;35.714;1.442;7.143;6.651;0.595;1.574;22.0;0.39;4.0;40.0;2.183;9.0;29;50
59;OR-Tools;0.242012;9.8803154;35.714;1.411;8.143;7.994;0.58;2.035;18.0;0.348;4.0;40.0;2.137;10.0;29;50
60;RL;0.065963;9.22877585887909;37.0;1.538;8.333;4.69;0.31;2.066;28.0;1.082;6.0;40.0;2.009;12.0;30;50
61;OR-Tools;0.19852;9.4506894;37.0;1.575;9.333;3.464;0.264;2.16;33.0;1.213;7.0;40.0;1.951;12.0;30;50
62;RL;0.076004;9.506273537874222;34.286;1.358;7.143;10.547;0.512;2.795;11.0;0.457;2.0;40.0;2.046;11.0;31;50
63;OR-Tools;0.219167;9.832824200000001;40.0;1.639;9.333;0.0;0.692;1.366;40.0;0.707;8.0;40.0;2.593;12.0;31;50
64;RL;0.069962;11.51828184723854;36.0;1.645;7.143;8.832;0.809;2.035;16.0;0.361;4.0;40.0;2.366;10.0;32;50
65;OR-Tools;0.250033;11.6878881;36.0;1.67;8.143;8.062;0.713;2.41;18.0;0.439;3.0;40.0;2.543;10.0;32;50
66;RL;0.078972;12.233073472976685;32.143;1.748;7.143;10.431;0.878;3.579;16.0;0.352;2.0;40.0;2.756;11.0;33;50
67;OR-Tools;0.193547;11.8922286;37.5;1.982;9.333;3.728;0.51;1.966;30.0;1.239;6.0;40.0;2.724;11.0;33;50
68;RL;0.084078;9.751446574926376;35.0;1.393;7.143;11.075;0.479;2.545;10.0;0.478;2.0;40.0;1.903;9.0;34;50
69;OR-Tools;0.204308;10.473722300000002;35.0;1.496;8.143;8.622;0.479;2.268;16.0;0.624;5.0;40.0;2.145;12.0;34;50
70;RL;0.07701;10.122951567173004;36.429;1.446;7.143;5.563;0.543;2.545;24.0;0.764;4.0;40.0;2.259;11.0;35;50
71;OR-Tools;0.262037;10.208328799999999;36.429;1.458;8.143;4.756;0.483;1.864;27.0;0.889;6.0;40.0;1.918;11.0;35;50
72;RL;0.08896;11.63990068435669;37.833;1.94;8.333;3.371;0.572;2.251;33.0;1.16;6.0;40.0;2.728;12.0;36;50
73;OR-Tools;0.175034;12.3321789;37.833;2.055;9.333;5.307;0.698;2.503;27.0;1.055;6.0;40.0;2.809;12.0;36;50
74;RL;0.072999;11.013972878456116;36.429;1.573;7.143;3.457;0.572;2.193;31.0;0.814;4.0;39.0;2.286;10.0;37;50
75;OR-Tools;0.15808;10.9066335;36.429;1.558;8.143;5.711;0.74;2.193;24.0;0.315;4.0;40.0;2.311;11.0;37;50
76;RL;0.078998;10.421993374824524;32.75;1.303;6.25;10.389;0.568;2.659;12.0;0.359;2.0;40.0;1.947;9.0;38;50
77;OR-Tools;0.221041;10.138388199999998;37.429;1.448;8.143;1.813;0.299;2.193;35.0;0.903;6.0;40.0;1.772;11.0;38;50
78;RL;0.078963;9.269363343715668;34.429;1.324;7.143;6.63;0.521;2.193;23.0;0.499;4.0;40.0;2.03;10.0;39;50
79;OR-Tools;0.18698;9.4970278;34.429;1.357;8.143;12.177;0.733;3.024;7.0;0.177;2.0;40.0;2.385;11.0;39;50
80;RL;0.074963;10.973093271255493;37.333;1.829;8.333;2.875;0.336;1.633;33.0;1.279;6.0;40.0;2.287;11.0;40;50
81;OR-Tools;0.207076;11.1142205;37.333;1.852;9.333;3.933;0.38;1.033;30.0;1.224;8.0;40.0;2.324;10.0;40;50
82;RL;0.092985;10.660995602607727;34.714;1.523;7.143;11.398;0.696;2.911;9.0;0.477;1.0;40.0;2.386;10.0;41;50
83;OR-Tools;0.213052;10.461849999999998;34.714;1.495;8.143;6.075;0.57;1.952;25.0;0.885;6.0;40.0;2.269;11.0;41;50
84;RL;0.081;12.468464016914368;37.286;1.781;7.143;6.751;0.652;1.864;22.0;0.862;4.0;40.0;2.516;9.0;42;50
85;OR-Tools;0.218034;13.575091;37.286;1.939;8.143;5.187;0.788;2.61;26.0;0.809;4.0;40.0;2.915;12.0;42;50
86;RL;0.084959;8.60620166361332;33.571;1.229;7.143;11.148;0.694;3.185;9.0;0.095;1.0;40.0;2.33;10.0;43;50
87;OR-Tools;0.153003;10.3171531;39.167;1.72;9.333;2.041;0.628;1.033;35.0;0.817;8.0;40.0;2.427;11.0;43;50
88;RL;0.075;13.879847645759583;36.0;1.735;6.25;4.504;0.459;0.707;28.0;1.105;5.0;40.0;2.175;7.0;44;50
89;OR-Tools;0.16509;14.007288899999999;36.0;1.751;7.25;7.231;0.528;1.282;22.0;0.867;5.0;40.0;2.388;9.0;44;50
90;RL;0.064544;11.08184814453125;38.143;1.583;7.143;2.34;0.464;0.9;34.0;1.046;6.0;40.0;2.035;8.0;45;50
91;OR-Tools;0.209192;11.5990088;38.143;1.657;8.143;2.268;0.478;1.069;34.0;1.002;7.0;40.0;2.22;10.0;45;50
92;RL;0.073036;13.038561701774597;36.429;1.863;7.143;6.294;0.779;1.864;23.0;0.754;4.0;40.0;2.813;10.0;46;50
93;OR-Tools;0.244038;13.456892;36.429;1.922;8.143;4.577;0.84;2.035;28.0;0.764;5.0;40.0;3.238;11.0;46;50
94;RL;0.068985;9.612611591815948;38.429;1.373;7.143;1.397;0.519;1.069;36.0;0.599;6.0;40.0;1.943;9.0;47;50
95;OR-Tools;0.194003;9.7045259;38.429;1.386;8.143;2.299;0.697;1.345;34.0;0.594;6.0;40.0;2.567;10.0;47;50
96;RL;0.077592;12.176036834716797;36.286;1.739;7.143;7.319;0.601;2.193;20.0;1.144;4.0;40.0;2.561;10.0;48;50
97;OR-Tools;0.162034;12.6064437;36.286;1.801;8.143;5.529;0.637;2.41;25.0;1.071;4.0;40.0;2.764;11.0;48;50
98;RL;0.073962;10.045590221881866;34.286;1.435;7.143;12.932;0.594;3.338;5.0;0.268;1.0;40.0;2.181;11.0;49;50
99;OR-Tools;0.159;11.3350431;40.0;1.889;9.333;0.0;0.408;1.211;40.0;1.335;8.0;40.0;2.532;11.0;49;50
100;RL;0.064963;10.611440390348434;32.571;1.516;7.143;13.489;0.777;3.716;3.0;0.386;1.0;40.0;2.555;13.0;50;50
101;OR-Tools;0.229025;10.441232600000001;38.0;1.74;9.333;1.414;0.728;1.862;36.0;1.001;7.0;40.0;2.958;12.0;50;50
102;RL;0.088;8.692506909370422;36.833;1.449;8.333;4.579;0.335;2.16;28.0;0.877;5.0;40.0;1.828;11.0;51;50
103;OR-Tools;0.190037;8.762639700000001;36.833;1.46;9.333;2.317;0.278;1.366;33.0;1.09;7.0;39.0;1.866;11.0;51;50
104;RL;0.071981;11.194962978363037;37.571;1.599;7.143;4.392;0.627;1.676;28.0;0.775;4.0;40.0;2.522;9.0;52;50
105;OR-Tools;0.215036;11.150603499999999;37.571;1.593;8.143;3.409;0.616;1.773;31.0;0.698;6.0;40.0;2.678;11.0;52;50
106;RL;0.072961;9.8757264316082;32.25;1.234;6.25;11.386;0.599;3.284;6.0;0.313;1.0;40.0;2.18;12.0;53;50
107;OR-Tools;0.252109;9.677284599999998;36.857;1.382;8.143;2.911;0.501;1.952;32.0;0.913;6.0;40.0;2.308;12.0;53;50
108;RL;0.072968;10.701417326927185;37.714;1.529;7.143;3.592;0.73;1.773;30.0;0.519;4.0;40.0;2.522;9.0;54;50
109;OR-Tools;0.171004;11.445154299999999;37.714;1.635;8.143;3.988;0.769;1.345;29.0;0.519;6.0;40.0;2.545;10.0;54;50
110;RL;0.076559;10.975071549415588;36.571;1.568;7.143;4.276;0.434;1.574;29.0;0.89;5.0;40.0;1.985;10.0;55;50
111;OR-Tools;0.24304;11.0447463;36.571;1.578;8.143;4.392;0.418;1.069;27.0;1.118;7.0;40.0;2.217;10.0;55;50
112;RL;0.071962;12.742046422325075;34.75;1.593;6.25;11.26;0.91;3.105;7.0;0.01;1.0;40.0;2.874;11.0;56;50
113;OR-Tools;0.190035;13.961722;39.714;1.995;8.143;0.488;0.715;1.574;39.0;1.127;6.0;40.0;3.11;11.0;56;50
114;RL;0.073963;12.477661967277527;35.714;1.783;7.143;6.184;0.472;1.574;23.0;1.238;4.0;40.0;2.54;9.0;57;50
115;OR-Tools;0.207032;12.3482263;35.714;1.764;8.143;9.604;0.583;2.41;14.0;0.612;4.0;40.0;2.327;12.0;57;50
116;RL;0.081007;11.66997891664505;34.0;1.297;5.556;9.014;0.357;1.667;12.0;0.62;2.0;40.0;1.714;7.0;58;50
117;OR-Tools;0.181019;10.8920975;38.25;1.362;7.25;2.866;0.392;1.035;32.0;0.883;6.0;40.0;1.963;9.0;58;50
118;RL;0.079003;12.121239215135574;33.875;1.515;6.25;7.99;0.721;2.252;21.0;0.22;3.0;40.0;2.314;10.0;59;50
119;OR-Tools;0.181975;12.312782400000001;38.714;1.759;8.143;1.799;0.465;1.069;35.0;0.843;7.0;40.0;2.248;10.0;59;50
120;RL;0.082994;10.235977113246918;35.857;1.462;7.143;8.174;0.605;1.676;18.0;0.495;4.0;40.0;2.163;9.0;60;50
121;OR-Tools;0.20003;10.5342991;35.857;1.505;8.143;5.9;0.442;1.345;24.0;0.896;6.0;40.0;2.018;10.0;60;50
122;RL;0.089966;9.205990865826607;33.714;1.315;7.143;11.368;0.69;2.968;9.0;0.163;1.0;40.0;2.24;9.0;61;50
123;OR-Tools;0.153042;10.1243284;39.333;1.687;9.333;1.633;0.694;1.033;36.0;0.94;8.0;40.0;2.62;11.0;61;50
124;RL;0.071962;12.547163248062134;36.286;1.792;7.143;7.761;0.554;2.268;19.0;1.114;3.0;40.0;2.377;10.0;62;50
125;OR-Tools;0.178035;12.741235099999999;36.286;1.82;8.143;8.139;0.594;1.952;18.0;0.775;4.0;40.0;2.467;10.0;62;50
126;RL;0.090963;10.336417257785797;36.0;1.477;7.143;3.367;0.39;1.464;31.0;0.856;5.0;40.0;1.923;9.0;63;50
127;OR-Tools;0.150087;9.913579900000002;36.0;1.416;8.143;8.851;0.61;2.545;16.0;0.319;3.0;40.0;2.167;11.0;63;50
128;RL;0.069962;11.440621852874756;37.143;1.634;7.143;4.375;0.463;1.574;28.0;0.827;4.0;40.0;2.138;9.0;64;50
129;OR-Tools;0.178998;11.7928013;37.143;1.685;8.143;3.237;0.546;0.9;31.0;1.13;7.0;40.0;2.672;10.0;64;50
130;RL;0.075971;10.717270970344543;36.625;1.34;6.25;8.366;0.443;1.832;16.0;0.708;3.0;40.0;1.925;9.0;65;50
131;OR-Tools;0.239926;11.1876198;36.625;1.398;7.25;6.457;0.551;1.669;21.0;0.744;5.0;40.0;2.182;10.0;65;50
132;RL;0.082965;11.638651907444;34.857;1.663;7.143;7.01;0.764;2.545;20.0;0.335;3.0;39.0;2.483;10.0;66;50
133;OR-Tools;0.166034;11.914327499999997;34.857;1.702;8.143;5.843;0.5;2.41;24.0;1.178;5.0;40.0;2.438;11.0;66;50
134;RL;0.063964;10.868957161903381;34.714;1.553;7.143;9.232;0.686;2.478;14.0;0.58;3.0;40.0;2.366;11.0;67;50
135;OR-Tools;0.210038;11.373666799999999;34.714;1.625;8.143;7.088;0.87;2.795;20.0;0.678;4.0;40.0;2.787;12.0;67;50
136;RL;0.064047;12.051761694252491;32.125;1.506;6.25;11.704;0.887;3.059;9.0;0.1;1.0;40.0;2.525;10.0;68;50
137;OR-Tools;0.178003;12.396173500000003;36.714;1.771;8.143;4.309;0.679;1.773;29.0;0.829;5.0;40.0;2.63;11.0;68;50
138;RL;0.079967;9.184191823005676;34.0;1.531;8.333;7.668;0.23;2.066;22.0;1.176;6.0;40.0;1.804;11.0;69;50
139;OR-Tools;0.187557;9.0677504;34.0;1.511;9.333;11.419;0.537;3.502;11.0;0.649;3.0;40.0;1.98;13.0;69;50
140;RL;0.065966;12.239037305116653;35.0;1.53;6.25;11.352;0.755;2.55;7.0;0.044;1.0;40.0;2.406;9.0;70;50
141;OR-Tools;0.24503;12.6529533;35.0;1.582;7.25;10.529;0.755;2.55;9.0;0.106;2.0;40.0;2.365;10.0;70;50
142;RL;0.071;9.220338940620422;34.857;1.317;7.143;8.877;0.352;1.676;15.0;0.892;4.0;40.0;1.939;9.0;71;50
143;OR-Tools;0.221028;9.0053985;34.857;1.286;8.143;5.336;0.498;1.345;27.0;0.516;6.0;40.0;2.141;10.0;71;50
144;RL;0.072001;9.50329214334488;36.0;1.358;7.143;5.686;0.499;2.193;24.0;0.616;3.0;40.0;1.979;10.0;72;50
145;OR-Tools;0.258231;9.5369809;36.0;1.362;8.143;6.351;0.547;2.116;22.0;0.293;4.0;40.0;2.08;10.0;72;50
146;RL;0.061963;13.114361464977264;37.429;1.873;7.143;5.159;0.572;1.773;26.0;0.755;4.0;40.0;2.441;9.0;73;50
147;OR-Tools;0.185049;13.9495892;37.429;1.993;8.143;3.309;0.526;1.069;31.0;1.203;7.0;40.0;2.587;10.0;73;50
148;RL;0.070961;11.7250417470932;35.714;1.675;7.143;7.675;0.674;2.268;19.0;0.637;3.0;40.0;2.445;10.0;74;50
149;OR-Tools;0.247517;11.289812099999999;35.714;1.613;8.143;8.751;0.592;2.41;16.0;0.811;4.0;40.0;2.298;12.0;74;50
150;RL;0.091688;11.791015535593033;34.857;1.684;7.143;10.221;0.706;2.734;12.0;0.376;2.0;40.0;2.372;10.0;75;50
151;OR-Tools;0.235615;11.7214934;34.857;1.674;8.143;10.14;0.672;2.545;12.0;0.376;3.0;40.0;2.493;11.0;75;50
152;RL;0.076967;9.887529850006104;34.875;1.236;6.25;12.124;0.519;2.315;5.0;0.164;1.0;40.0;1.814;8.0;76;50
153;OR-Tools;0.208033;9.1248425;34.875;1.141;7.25;7.357;0.447;1.832;18.0;0.401;4.0;40.0;1.659;9.0;76;50
154;RL;0.067962;11.939340233802795;35.75;1.492;6.25;3.882;0.515;1.389;29.0;0.799;4.0;39.0;2.263;9.0;77;50
155;OR-Tools;0.189;12.3733243;35.75;1.547;7.25;7.363;0.612;1.832;22.0;0.644;4.0;40.0;2.377;9.0;77;50
156;RL;0.076999;10.933780416846275;33.25;1.367;6.25;10.647;0.594;2.375;8.0;0.078;1.0;40.0;1.875;9.0;78;50
157;OR-Tools;0.147557;11.287470500000001;38.0;1.612;8.143;2.309;0.378;1.574;33.0;1.1;6.0;40.0;2.004;10.0;78;50
158;RL;0.072;9.975225508213043;37.143;1.425;7.143;5.242;0.588;1.952;26.0;0.586;4.0;40.0;2.079;9.0;79;50
159;OR-Tools;0.239038;9.9343893;37.143;1.419;8.143;4.259;0.554;1.773;28.0;0.869;7.0;40.0;2.412;12.0;79;50
160;RL;0.065006;11.172918610274792;34.625;1.397;6.25;11.637;0.762;2.188;6.0;0.064;1.0;40.0;2.201;8.0;80;50
161;OR-Tools;0.212112;11.824920900000002;39.571;1.689;8.143;0.535;0.79;1.464;39.0;0.665;7.0;40.0;2.733;11.0;80;50
162;RL;0.072964;9.899352937936783;37.167;1.65;8.333;2.483;0.754;2.16;33.0;0.388;5.0;40.0;2.438;11.0;81;50
163;OR-Tools;0.150961;11.1274476;37.167;1.855;9.333;3.43;0.647;1.862;31.0;0.635;6.0;40.0;2.453;11.0;81;50
164;RL;0.064121;11.217416658997536;33.857;1.602;7.143;12.362;0.687;2.795;6.0;0.244;1.0;40.0;2.332;9.0;82;50
165;OR-Tools;0.222832;11.600071100000001;39.5;1.933;9.333;0.837;0.492;1.366;38.0;1.061;8.0;40.0;2.513;11.0;82;50
166;RL;0.075967;9.939544796943665;34.429;1.42;7.143;9.744;0.347;2.268;13.0;0.895;4.0;40.0;1.86;11.0;83;50
167;OR-Tools;0.194071;9.6524825;34.429;1.379;8.143;6.373;0.424;2.035;24.0;0.652;6.0;40.0;1.976;11.0;83;50
168;RL;0.07596;11.151167094707489;34.286;1.593;7.143;6.921;0.708;2.968;24.0;0.601;3.0;40.0;2.68;10.0;84;50
169;OR-Tools;0.148004;11.095138999999998;40.0;1.849;9.333;0.0;0.532;2.066;40.0;0.912;7.0;40.0;2.459;12.0;84;50
170;RL;0.068812;10.085452795028687;37.5;1.681;8.333;3.834;0.407;1.751;30.0;1.169;6.0;40.0;2.132;11.0;85;50
171;OR-Tools;0.234234;10.3765924;37.5;1.729;9.333;2.95;0.532;1.633;32.0;1.045;7.0;40.0;2.168;11.0;85;50
172;RL;0.066965;10.795171573758125;31.375;1.349;6.25;10.756;0.778;2.915;9.0;0.231;1.0;39.0;2.619;9.0;86;50
173;OR-Tools;0.169999;11.310078499999998;35.857;1.616;8.143;8.802;0.69;2.268;16.0;0.621;4.0;40.0;2.493;10.0;86;50
174;RL;0.066965;8.7142174243927;33.571;1.245;7.143;8.018;0.652;3.024;19.0;0.392;4.0;40.0;2.273;11.0;87;50
175;OR-Tools;0.240048;8.6809748;39.167;1.447;9.333;1.329;0.626;2.066;37.0;0.768;7.0;40.0;2.141;13.0;87;50
176;RL;0.073994;11.743328213691711;36.857;1.678;7.143;3.024;0.377;1.069;31.0;1.307;6.0;40.0;2.157;9.0;88;50
177;OR-Tools;0.193001;12.3777732;36.857;1.768;8.143;4.413;0.541;1.574;28.0;1.108;6.0;40.0;2.651;10.0;88;50
178;RL;0.077964;10.493220806121826;35.875;1.312;6.25;5.89;0.421;1.165;23.0;0.527;5.0;40.0;1.961;8.0;89;50
179;OR-Tools;0.175042;10.3409671;35.875;1.293;7.25;5.566;0.477;1.165;24.0;0.54;5.0;40.0;2.11;9.0;89;50
180;RL;0.080964;13.046593427658081;36.571;1.864;7.143;4.036;0.74;1.574;31.0;0.788;5.0;40.0;2.694;9.0;90;50
181;OR-Tools;0.232965;13.1553206;36.571;1.879;8.143;4.928;0.733;1.676;27.0;0.823;6.0;40.0;2.534;10.0;90;50
182;RL;0.08203;9.48226147890091;33.875;1.185;6.25;10.776;0.618;2.375;8.0;0.059;1.0;40.0;1.953;9.0;91;50
183;OR-Tools;0.173997;10.0679376;38.714;1.438;8.143;1.799;0.568;1.069;35.0;0.642;7.0;40.0;2.392;10.0;91;50
184;RL;0.080001;9.298838317394257;33.143;1.328;7.143;11.711;0.623;3.288;7.0;0.278;1.0;40.0;2.074;10.0;92;50
185;OR-Tools;0.226004;9.0904;38.667;1.515;9.333;1.633;0.371;1.966;36.0;0.97;8.0;40.0;2.085;13.0;92;50
186;RL;0.082442;11.005567610263824;36.286;1.572;7.143;5.529;0.581;2.193;26.0;0.69;4.0;40.0;2.307;10.0;93;50
187;OR-Tools;0.192038;11.598530400000001;36.286;1.657;8.143;2.984;0.577;1.069;32.0;0.887;7.0;40.0;2.434;10.0;93;50
188;RL;0.098002;11.82100522518158;36.25;1.478;6.25;7.555;0.518;1.982;18.0;0.534;2.0;40.0;2.077;9.0;94;50
189;OR-Tools;0.174002;12.179329899999999;36.25;1.522;7.25;4.432;0.514;0.886;28.0;0.91;6.0;40.0;2.379;9.0;94;50
190;RL;0.083265;9.893709778785706;37.167;1.649;8.333;5.492;0.481;1.506;26.0;1.039;6.0;40.0;2.11;10.0;95;50
191;OR-Tools;0.244034;9.2813386;37.167;1.547;9.333;1.722;0.485;2.338;35.0;0.665;6.0;39.0;2.109;13.0;95;50
192;RL;0.072734;11.18374490737915;36.143;1.598;7.143;5.669;0.561;1.215;24.0;0.896;6.0;40.0;2.254;9.0;96;50
193;OR-Tools;0.239005;11.275678;36.143;1.611;8.143;8.513;0.631;2.035;17.0;0.531;4.0;40.0;2.182;10.0;96;50
194;RL;0.075969;13.87813687324524;36.143;1.983;7.143;8.454;0.631;2.61;17.0;0.873;2.0;40.0;2.788;10.0;97;50
195;OR-Tools;0.17225;14.568302200000002;36.143;2.081;8.143;3.388;0.604;2.035;31.0;1.23;5.0;40.0;2.732;10.0;97;50
196;RL;0.077966;10.703760206699371;35.571;1.529;7.143;5.563;0.442;1.952;24.0;0.954;4.0;40.0;2.256;10.0;98;50
197;OR-Tools;0.283037;10.748849900000002;35.571;1.536;8.143;8.658;0.571;2.116;16.0;0.799;4.0;40.0;2.458;10.0;98;50
198;RL;0.075993;12.661063849925995;38.0;1.809;7.143;4.041;0.573;1.952;29.0;0.687;5.0;40.0;2.25;10.0;99;50
199;OR-Tools;0.217899;12.330800299999998;38.0;1.762;8.143;1.633;0.608;1.215;36.0;0.684;6.0;40.0;2.457;9.0;99;50
0;RL;0.038967;6.577458530664444;22.2;1.315;4.0;10.545;0.77;2.449;4.0;0.252;1.0;30.0;2.174;7.0;0;20
1;OR-Tools;0.036001;6.632486199999999;27.75;1.658;6.0;2.63;0.708;0.0;24.0;0.674;6.0;30.0;2.359;6.0;0;20
2;RL;0.035965;4.9264384508132935;25.25;1.232;5.0;4.646;0.259;1.414;19.0;0.884;3.0;30.0;1.484;6.0;1;20
3;OR-Tools;0.068993;4.9226966;25.25;1.231;6.0;4.573;0.217;1.414;20.0;1.014;5.0;30.0;1.528;8.0;1;20
4;RL;0.030964;6.052973389625549;24.5;1.513;5.0;7.141;0.314;1.414;14.0;1.242;3.0;30.0;1.965;6.0;2;20
5;OR-Tools;0.048001;6.013318;24.5;1.503;6.0;2.646;0.394;1.826;22.0;1.148;4.0;28.0;1.905;8.0;2;20
6;RL;0.028999;6.5849045515060425;24.333;2.195;6.667;5.686;0.38;1.528;18.0;1.765;5.0;29.0;2.486;8.0;3;20
7;OR-Tools;0.037999;6.6942015;24.333;2.231;7.667;6.028;0.712;1.528;18.0;1.473;6.0;30.0;2.887;9.0;3;20
8;RL;0.039;5.677999317646027;23.8;1.136;4.0;10.521;0.621;1.732;5.0;0.194;1.0;29.0;1.847;5.0;4;20
9;OR-Tools;0.048004;6.1704156;29.75;1.543;6.0;0.5;0.375;0.0;29.0;1.268;6.0;30.0;2.068;6.0;4;20
10;RL;0.033004;7.853345334529877;24.25;1.963;5.0;8.342;0.897;2.449;12.0;0.634;2.0;30.0;2.568;8.0;5;20
11;OR-Tools;0.054001;8.049213700000001;24.25;2.012;6.0;8.18;0.933;2.449;12.0;0.634;3.0;29.0;2.669;9.0;5;20
12;RL;0.030001;5.371864318847656;25.0;1.343;5.0;1.414;0.447;0.816;23.0;1.085;4.0;26.0;2.013;6.0;6;20
13;OR-Tools;0.051998;5.3528046;25.0;1.338;6.0;3.742;0.757;1.155;21.0;0.609;5.0;30.0;2.122;7.0;6;20
14;RL;0.033041;6.060550093650818;22.75;1.515;5.0;10.595;0.914;3.367;7.0;0.336;1.0;29.0;2.548;9.0;7;20
15;OR-Tools;0.038999;6.3239066;22.75;1.581;6.0;10.532;0.987;2.828;7.0;0.336;2.0;29.0;2.519;8.0;7;20
16;RL;0.041963;8.182555913925171;24.75;2.046;5.0;7.365;0.666;2.16;14.0;1.066;2.0;30.0;2.511;7.0;8;20
17;OR-Tools;0.047;7.6428337;24.75;1.911;6.0;5.965;0.483;1.414;16.0;1.357;4.0;29.0;2.49;7.0;8;20
18;RL;0.035961;6.103133022785187;22.75;1.526;5.0;13.2;0.698;2.828;3.0;0.568;1.0;30.0;2.232;7.0;9;20
19;OR-Tools;0.063999;5.9639743;22.75;1.491;6.0;13.841;0.887;2.944;2.0;0.297;2.0;30.0;2.439;9.0;9;20
20;RL;0.028001;5.272649168968201;24.75;1.318;5.0;7.089;0.257;2.582;15.0;0.972;2.0;30.0;1.592;8.0;10;20
21;OR-Tools;0.049608;5.1976906;24.75;1.299;6.0;7.089;0.25;2.582;15.0;0.972;3.0;30.0;1.58;9.0;10;20
22;RL;0.028006;6.260208487510681;21.0;1.565;5.0;11.343;0.681;2.708;4.0;0.566;1.0;27.0;2.041;7.0;11;20
23;OR-Tools;0.043001;5.7697442;28.0;1.923;7.667;2.0;0.187;1.155;26.0;1.709;7.0;30.0;2.054;9.0;11;20
24;RL;0.030964;7.117979466915131;19.0;1.424;4.0;7.842;0.618;2.236;9.0;0.619;1.0;25.0;1.917;7.0;12;20
25;OR-Tools;0.046;6.3004636;23.75;1.575;6.0;8.016;0.59;1.633;12.0;0.892;4.0;30.0;2.092;8.0;12;20
26;RL;0.032965;5.866878688335419;29.75;1.467;5.0;0.5;0.501;0.816;29.0;0.991;4.0;30.0;2.125;6.0;13;20
27;OR-Tools;0.046004;5.679192;23.8;1.136;5.0;8.672;0.894;2.0;9.0;0.079;2.0;29.0;2.291;7.0;13;20
28;RL;0.027966;5.782618999481201;23.25;1.446;5.0;7.32;0.719;2.449;13.0;0.523;2.0;29.0;2.278;7.0;14;20
29;OR-Tools;0.060995;5.7459803;23.25;1.436;6.0;7.32;0.705;2.449;13.0;0.523;3.0;29.0;2.242;8.0;14;20
30;RL;0.031965;5.87655508518219;27.75;1.469;5.0;1.5;0.896;0.816;26.0;0.566;4.0;29.0;2.699;6.0;15;20
31;OR-Tools;0.052995;5.9080896;27.75;1.477;6.0;2.062;0.884;0.816;26.0;0.566;5.0;30.0;2.686;7.0;15;20
32;RL;0.034;6.063884019851685;22.5;1.516;5.0;8.266;0.373;1.414;11.0;1.059;3.0;29.0;1.894;6.0;16;20
33;OR-Tools;0.025996;6.7023926;30.0;2.234;7.667;0.0;0.851;1.155;30.0;1.251;7.0;30.0;2.728;9.0;16;20
34;RL;0.029002;6.067096948623657;24.4;1.213;4.0;2.074;0.316;1.0;22.0;0.943;3.0;27.0;1.724;5.0;17;20
35;OR-Tools;0.057998;6.374484499999999;24.4;1.275;5.0;5.683;0.231;1.581;16.0;0.949;3.0;30.0;1.495;7.0;17;20
36;RL;0.037965;5.664004474878311;21.0;1.416;5.0;5.354;0.819;2.449;16.0;0.449;2.0;27.0;2.451;7.0;18;20
37;OR-Tools;0.058002;5.6328591999999995;28.0;1.878;7.667;1.732;0.664;0.577;27.0;1.124;7.0;30.0;2.378;8.0;18;20
38;RL;0.038992;5.388279855251312;21.5;1.347;5.0;6.758;0.857;2.708;13.0;0.585;3.0;29.0;2.564;9.0;19;20
39;OR-Tools;0.037037;5.890236;28.667;1.963;7.667;1.528;0.576;1.528;27.0;1.374;6.0;30.0;2.525;9.0;19;20
40;RL;0.028997;7.340265512466431;25.0;1.835;5.0;5.228;0.597;2.0;20.0;1.404;4.0;30.0;2.673;8.0;20;20
41;OR-Tools;0.051;6.8156922;25.0;1.704;6.0;6.88;0.843;2.16;15.0;0.678;4.0;30.0;2.729;9.0;20;20
42;RL;0.033963;5.919486045837402;25.5;1.48;5.0;7.0;0.41;1.155;15.0;1.057;4.0;29.0;2.042;6.0;21;20
43;OR-Tools;0.039997;5.8125841;25.5;1.453;6.0;8.347;0.339;1.826;13.0;0.988;4.0;30.0;1.721;8.0;21;20
44;RL;0.030962;5.66042959690094;27.5;1.415;5.0;3.0;0.565;1.633;24.0;0.845;3.0;30.0;2.189;7.0;22;20
45;OR-Tools;0.081003;5.6462944;27.5;1.412;6.0;3.0;0.565;1.633;24.0;0.845;4.0;30.0;2.189;8.0;22;20
46;RL;0.032001;6.543321311473846;24.25;1.636;5.0;10.178;0.661;2.0;9.0;0.779;2.0;30.0;2.331;6.0;23;20
47;OR-Tools;0.041989;6.408841499999999;24.25;1.602;6.0;10.21;0.853;2.708;9.0;0.426;2.0;30.0;2.244;8.0;23;20
48;RL;0.034963;5.83889627456665;23.0;1.46;5.0;7.874;0.773;2.582;12.0;0.564;2.0;30.0;2.255;8.0;24;20
49;OR-Tools;0.072998;5.7809612;23.0;1.445;6.0;8.718;0.778;2.944;12.0;0.564;3.0;30.0;2.245;9.0;24;20
50;RL;0.032964;5.981707870960236;24.0;1.495;5.0;8.679;0.897;2.944;11.0;0.69;2.0;29.0;2.779;9.0;25;20
51;OR-Tools;0.049042;5.5799354;24.0;1.395;6.0;5.657;0.534;1.826;16.0;0.819;4.0;28.0;1.982;8.0;25;20
52;RL;0.029964;5.720440000295639;24.75;1.43;5.0;6.702;0.958;2.16;16.0;0.266;2.0;30.0;2.316;7.0;26;20
53;OR-Tools;0.04;5.8989879;24.75;1.475;6.0;6.397;0.855;2.582;16.0;0.266;3.0;30.0;2.258;9.0;26;20
54;RL;0.039969;7.40030574798584;25.5;1.85;5.0;4.509;0.707;1.414;19.0;1.217;4.0;29.0;2.703;7.0;27;20
55;OR-Tools;0.047963;7.0635506999999995;25.5;1.766;6.0;5.686;0.795;1.826;17.0;0.827;4.0;29.0;2.693;8.0;27;20
56;RL;0.05297;7.055028915405273;25.5;1.764;5.0;6.351;0.781;1.633;16.0;0.637;3.0;29.0;2.378;7.0;28;20
57;OR-Tools;0.049002;7.329863900000001;25.5;1.832;6.0;8.347;1.017;2.449;13.0;0.429;3.0;30.0;2.818;9.0;28;20
58;RL;0.031999;6.1637396812438965;25.0;1.541;5.0;5.598;0.786;2.16;18.0;0.429;2.0;30.0;2.123;7.0;29;20
59;OR-Tools;0.046999;6.496228599999999;25.0;1.624;6.0;5.598;0.88;2.944;18.0;0.429;3.0;30.0;2.387;10.0;29;20
60;RL;0.035005;6.185078024864197;27.0;1.546;5.0;2.0;0.444;1.155;24.0;1.044;4.0;28.0;2.04;6.0;30;20
61;OR-Tools;0.045035;6.0415168999999995;27.0;1.51;6.0;4.082;0.49;0.816;21.0;0.958;5.0;30.0;2.04;7.0;30;20
62;RL;0.031965;5.1982951164245605;27.667;1.733;6.667;1.528;0.562;2.082;26.0;1.326;5.0;29.0;2.374;9.0;31;20
63;OR-Tools;0.041006;5.2886018;27.667;1.763;7.667;3.215;0.231;2.309;24.0;1.496;5.0;30.0;1.907;9.0;31;20
64;RL;0.029001;5.022276759147644;28.0;1.256;5.0;1.826;0.428;0.816;26.0;0.709;4.0;30.0;1.754;6.0;32;20
65;OR-Tools;0.042999;5.8472657;28.0;1.462;6.0;1.414;0.592;0.816;27.0;0.829;5.0;30.0;2.239;7.0;32;20
66;RL;0.036036;5.520183801651001;22.25;1.38;5.0;6.551;0.583;2.944;14.0;0.777;2.0;28.0;2.076;8.0;33;20
67;OR-Tools;0.045005;5.586494399999999;29.667;1.862;7.667;0.577;0.155;1.528;29.0;1.732;6.0;30.0;2.033;9.0;33;20
68;RL;0.027964;6.543166160583496;27.0;1.636;5.0;3.162;0.448;1.155;23.0;1.082;4.0;30.0;2.049;6.0;34;20
69;OR-Tools;0.054038;6.403497;27.0;1.601;6.0;3.559;0.334;0.0;22.0;1.286;6.0;30.0;1.994;6.0;34;20
70;RL;0.035997;6.427779734134674;24.2;1.286;4.0;8.526;0.609;1.732;9.0;0.528;1.0;29.0;1.879;5.0;35;20
71;OR-Tools;0.048998;6.387119200000001;24.2;1.277;5.0;8.585;0.63;1.732;9.0;0.287;2.0;30.0;1.797;6.0;35;20
72;RL;0.028001;5.2610883712768555;22.25;1.315;5.0;6.652;0.312;1.633;13.0;1.004;3.0;28.0;1.611;7.0;36;20
73;OR-Tools;0.036997;5.502667300000001;29.667;1.834;7.667;0.577;0.71;2.887;29.0;1.082;6.0;30.0;2.494;11.0;36;20
74;RL;0.036999;6.334789663553238;25.5;1.584;5.0;7.724;0.729;2.16;14.0;0.494;2.0;30.0;1.998;7.0;37;20
75;OR-Tools;0.044001;6.4194702;25.5;1.605;6.0;7.724;0.797;2.16;14.0;0.494;3.0;30.0;2.386;8.0;37;20
76;RL;0.035993;6.889504790306091;23.0;1.722;5.0;5.598;0.532;2.0;15.0;1.055;2.0;28.0;2.354;6.0;38;20
77;OR-Tools;0.046001;6.7849701;23.0;1.696;6.0;10.801;0.934;2.828;7.0;0.442;2.0;30.0;2.688;8.0;38;20
78;RL;0.034964;6.113551378250122;22.2;1.223;4.0;10.895;0.464;1.732;3.0;0.515;1.0;29.0;1.737;5.0;39;20
79;OR-Tools;0.055032;5.968144;27.75;1.492;6.0;2.217;0.22;0.816;25.0;1.229;5.0;30.0;1.737;7.0;39;20
80;RL;0.033001;5.400729775428772;26.0;1.8;6.667;2.0;0.533;0.577;24.0;1.338;6.0;28.0;2.384;7.0;40;20
81;OR-Tools;0.038993;5.3035879;26.0;1.768;7.667;2.0;0.495;0.577;24.0;1.338;7.0;28.0;2.31;8.0;40;20
82;RL;0.028999;5.400750309228897;23.75;1.35;5.0;8.617;0.711;2.16;11.0;0.375;2.0;29.0;1.947;7.0;41;20
83;OR-Tools;0.056001;5.5365441;23.75;1.384;6.0;8.958;0.836;2.449;11.0;0.375;3.0;30.0;2.407;9.0;41;20
84;RL;0.032966;8.180888414382935;21.5;2.045;5.0;10.536;0.793;2.828;6.0;0.991;1.0;29.0;2.848;7.0;42;20
85;OR-Tools;0.051004;7.4673883;28.667;2.489;7.667;0.577;0.824;0.577;28.0;1.584;7.0;29.0;3.196;8.0;42;20
86;RL;0.032998;5.2977412939071655;24.0;1.324;5.0;3.162;0.265;0.816;20.0;1.144;4.0;27.0;1.717;6.0;43;20
87;OR-Tools;0.045003;5.2977403;24.0;1.324;6.0;3.162;0.265;0.816;20.0;1.144;5.0;27.0;1.717;7.0;43;20
88;RL;0.037973;6.032846927642822;26.5;1.508;5.0;5.745;0.424;1.414;18.0;1.015;4.0;30.0;2.02;7.0;44;20
89;OR-Tools;0.045016;6.6350048;26.5;1.659;6.0;3.512;0.614;2.16;23.0;0.989;4.0;30.0;2.32;9.0;44;20
90;RL;0.027963;5.51747190952301;25.25;1.379;5.0;3.862;0.153;0.0;21.0;1.236;5.0;29.0;1.595;5.0;45;20
91;OR-Tools;0.037964;5.637729200000001;25.25;1.409;6.0;2.63;0.448;1.414;23.0;0.868;5.0;28.0;1.911;8.0;45;20
92;RL;0.034999;8.529787302017212;25.6;1.706;4.0;4.827;0.421;0.707;18.0;1.178;3.0;30.0;2.239;5.0;46;20
93;OR-Tools;0.050034;8.1336804;25.6;1.627;5.0;4.561;0.644;1.414;18.0;0.827;3.0;30.0;2.287;7.0;46;20
94;RL;0.036994;7.890097081661224;21.8;1.578;4.0;9.935;0.654;2.0;7.0;0.772;1.0;29.0;2.39;6.0;47;20
95;OR-Tools;0.042999;7.2949482;27.25;1.824;6.0;4.856;0.342;1.414;20.0;1.531;5.0;30.0;2.218;8.0;47;20
96;RL;0.034963;6.011094927787781;26.75;1.503;5.0;2.5;0.421;2.16;24.0;0.89;3.0;30.0;1.846;8.0;48;20
97;OR-Tools;0.056003;6.2729289999999995;26.75;1.568;6.0;0.5;0.502;1.633;26.0;0.89;4.0;27.0;2.103;8.0;48;20
98;RL;0.035635;6.519670605659485;26.667;2.173;6.667;3.215;0.57;2.309;23.0;1.557;4.0;29.0;2.681;8.0;49;20
99;OR-Tools;0.028004;6.4977094;26.667;2.166;7.667;3.512;0.689;2.082;23.0;1.547;6.0;30.0;2.908;10.0;49;20
100;RL;0.035;5.051466107368469;21.0;1.263;5.0;7.165;0.52;2.449;11.0;0.605;2.0;28.0;1.704;7.0;50;20
101;OR-Tools;0.044999;4.9208488;28.0;1.64;7.667;1.0;0.263;2.309;27.0;1.362;5.0;29.0;1.886;9.0;50;20
102;RL;0.035987;6.099478840827942;23.5;1.525;5.0;6.028;0.577;1.633;15.0;1.01;3.0;29.0;2.175;7.0;51;20
103;OR-Tools;0.05504;6.0319743;23.5;1.508;6.0;6.137;0.474;1.155;15.0;0.981;5.0;28.0;1.958;7.0;51;20
104;RL;0.031039;6.644014626741409;22.25;1.661;5.0;14.198;0.813;3.367;1.0;0.481;1.0;30.0;2.261;9.0;52;20
105;OR-Tools;0.042999;6.6281868;29.667;2.209;7.667;0.577;0.229;0.577;29.0;1.946;7.0;30.0;2.361;8.0;52;20
106;RL;0.039952;7.707777559757233;23.75;1.927;5.0;9.912;0.761;2.708;9.0;0.82;1.0;30.0;2.525;7.0;53;20
107;OR-Tools;0.054;7.5763460999999985;23.75;1.894;6.0;8.016;0.819;2.582;12.0;1.057;3.0;30.0;2.966;9.0;53;20
108;RL;0.028565;7.756522178649902;26.0;1.939;5.0;4.83;0.392;1.414;19.0;1.582;3.0;30.0;2.441;6.0;54;20
109;OR-Tools;0.051999;7.4977507;26.0;1.874;6.0;5.477;0.655;1.414;18.0;1.121;4.0;30.0;2.693;7.0;54;20
110;RL;0.035004;5.891517162322998;22.25;1.473;5.0;8.342;0.642;2.582;12.0;0.538;2.0;30.0;1.931;8.0;55;20
111;OR-Tools;0.052007;6.0574349000000005;29.667;2.019;7.667;0.577;0.358;2.082;29.0;1.697;6.0;30.0;2.405;10.0;55;20
112;RL;0.032959;7.6447975635528564;23.5;1.911;5.0;8.426;0.579;2.449;11.0;1.361;2.0;29.0;2.567;7.0;56;20
113;OR-Tools;0.046033;7.0462505;23.5;1.762;6.0;13.0;0.95;3.162;4.0;0.552;2.0;30.0;2.808;9.0;56;20
114;RL;0.029038;7.323065161705017;23.5;1.831;5.0;9.747;0.665;2.0;9.0;1.022;2.0;30.0;2.427;6.0;57;20
115;OR-Tools;0.039002;7.4819132;23.5;1.87;6.0;9.11;0.754;2.16;10.0;0.825;3.0;29.0;2.577;8.0;57;20
116;RL;0.036965;6.8073223531246185;22.0;1.361;4.0;9.747;0.686;1.732;5.0;0.224;1.0;29.0;1.928;5.0;58;20
117;OR-Tools;0.041999;6.8337234;27.5;1.708;6.0;3.109;0.738;1.414;23.0;1.044;4.0;30.0;2.422;7.0;58;20
118;RL;0.033966;6.716218650341034;25.25;1.679;5.0;2.5;0.668;1.826;22.0;0.869;3.0;28.0;2.393;7.0;59;20
119;OR-Tools;0.067;6.452343800000001;25.25;1.613;6.0;6.898;0.843;2.16;15.0;0.47;3.0;30.0;2.269;8.0;59;20
120;RL;0.035039;6.210195183753967;24.0;1.553;5.0;8.679;0.717;2.449;11.0;0.74;2.0;29.0;2.345;8.0;60;20
121;OR-Tools;0.051998;6.2024052;24.0;1.551;6.0;5.715;0.854;1.155;17.0;0.655;5.0;30.0;2.529;7.0;60;20
122;RL;0.027002;7.561287045478821;28.75;1.89;5.0;1.5;0.426;1.155;27.0;1.469;4.0;30.0;2.331;6.0;61;20
123;OR-Tools;0.036;7.362474799999999;28.75;1.841;6.0;1.893;0.542;1.414;26.0;1.17;4.0;30.0;2.357;7.0;61;20
124;RL;0.031997;5.503146529197693;25.667;1.834;6.667;3.786;0.702;1.528;23.0;1.07;5.0;30.0;2.452;8.0;62;20
125;OR-Tools;0.053003;5.6092316;25.667;1.87;7.667;3.055;0.739;2.082;23.0;1.07;6.0;29.0;2.528;10.0;62;20
126;RL;0.034959;6.159874649718404;21.25;1.54;5.0;13.672;1.024;2.708;1.0;0.027;1.0;30.0;2.232;7.0;63;20
127;OR-Tools;0.043999;6.1087581;28.333;2.036;7.667;2.887;0.204;0.577;25.0;1.811;7.0;30.0;2.208;8.0;63;20
128;RL;0.035037;7.249174952507019;27.75;1.812;5.0;1.708;0.688;1.826;26.0;1.123;3.0;30.0;2.758;7.0;64;20
129;OR-Tools;0.073999;7.0827976999999995;27.75;1.771;6.0;0.957;0.598;1.414;27.0;1.374;5.0;29.0;2.655;8.0;64;20
130;RL;0.035;6.6435182094573975;24.5;1.661;5.0;6.455;0.503;1.414;15.0;1.279;4.0;29.0;2.379;7.0;65;20
131;OR-Tools;0.042002;6.3680474;24.5;1.592;6.0;9.713;0.874;1.414;10.0;0.509;4.0;30.0;2.586;7.0;65;20
132;RL;0.030963;4.849304676055908;27.0;1.616;6.667;2.646;0.771;3.215;24.0;0.738;3.0;29.0;2.181;9.0;66;20
133;OR-Tools;0.051999;4.8455057;27.0;1.615;7.667;4.359;0.613;0.577;22.0;1.056;7.0;30.0;2.27;8.0;66;20
134;RL;0.031;8.639719128608704;23.0;2.16;5.0;9.416;0.474;2.0;9.0;1.647;2.0;29.0;2.669;6.0;67;20
135;OR-Tools;0.060999;7.064183700000001;23.0;1.766;6.0;10.924;0.957;2.708;7.0;0.379;2.0;30.0;2.481;8.0;67;20
136;RL;0.030999;8.376593351364136;27.0;2.094;5.0;3.464;0.511;1.155;22.0;1.642;4.0;30.0;2.826;6.0;68;20
137;OR-Tools;0.036002;7.9771994;27.0;1.994;6.0;4.082;0.775;1.414;21.0;1.142;4.0;30.0;2.92;7.0;68;20
138;RL;0.031;5.360290825366974;24.0;1.34;5.0;6.325;0.816;2.449;16.0;0.275;2.0;30.0;2.252;8.0;69;20
139;OR-Tools;0.044997;5.7673222;24.0;1.442;6.0;10.033;0.945;3.162;9.0;0.211;2.0;30.0;2.448;9.0;69;20
140;RL;0.033002;4.907056391239166;27.75;1.227;5.0;2.63;0.499;0.816;25.0;0.828;4.0;30.0;1.889;6.0;70;20
141;OR-Tools;0.057087;4.7667326999999995;27.75;1.192;6.0;2.062;0.347;0.816;26.0;0.842;5.0;30.0;1.512;7.0;70;20
142;RL;0.034;5.452390283346176;23.25;1.363;5.0;8.846;0.768;2.16;10.0;0.421;2.0;28.0;2.303;7.0;71;20
143;OR-Tools;0.03903;5.6852770999999995;23.25;1.421;6.0;8.221;0.696;2.16;11.0;0.601;3.0;28.0;2.303;8.0;71;20
144;RL;0.035214;5.462011337280273;23.0;1.366;5.0;8.907;0.499;2.16;10.0;0.918;3.0;30.0;1.996;8.0;72;20
145;OR-Tools;0.049999;5.2634022;23.0;1.316;6.0;10.392;0.699;3.162;8.0;0.393;2.0;30.0;1.937;9.0;72;20
146;RL;0.031057;6.718906402587891;25.0;1.68;5.0;6.055;0.929;2.582;16.0;0.664;2.0;29.0;2.825;8.0;73;20
147;OR-Tools;0.042022;6.8964361;25.0;1.724;6.0;6.218;0.734;2.0;16.0;0.664;3.0;30.0;2.357;7.0;73;20
148;RL;0.037035;6.571529150009155;22.2;1.314;4.0;7.014;0.335;1.414;12.0;0.734;2.0;28.0;1.603;5.0;74;20
149;OR-Tools;0.032004;5.8526184;27.75;1.463;6.0;0.5;0.395;0.816;27.0;0.922;5.0;28.0;1.872;7.0;74;20
150;RL;0.03397;5.942337468266487;21.25;1.486;5.0;13.574;0.93;2.708;1.0;0.134;1.0;29.0;2.203;7.0;75;20
151;OR-Tools;0.060999;6.4795519;28.333;2.16;7.667;1.528;0.505;0.577;27.0;1.641;7.0;30.0;2.649;8.0;75;20
152;RL;0.027002;6.919921398162842;25.75;1.73;5.0;6.551;0.41;1.414;16.0;1.128;3.0;30.0;2.022;6.0;76;20
153;OR-Tools;0.053038;7.0656675;25.75;1.766;6.0;4.349;0.668;0.816;22.0;1.128;5.0;30.0;2.471;7.0;76;20
154;RL;0.03;7.273384749889374;23.5;1.818;5.0;11.705;0.808;2.944;6.0;0.63;1.0;30.0;2.435;8.0;77;20
155;OR-Tools;0.041001;7.5925614;23.5;1.898;6.0;9.747;0.813;2.16;9.0;0.685;3.0;30.0;2.374;8.0;77;20
156;RL;0.039999;6.167108833789825;25.25;1.542;5.0;9.5;0.515;1.414;11.0;0.911;3.0;30.0;2.172;6.0;78;20
157;OR-Tools;0.031;7.178247900000001;25.25;1.795;6.0;8.846;0.681;1.633;12.0;1.032;4.0;30.0;2.446;8.0;78;20
158;RL;0.027002;5.208633542060852;25.667;1.736;6.667;5.859;1.136;3.215;19.0;0.483;3.0;30.0;2.698;9.0;79;20
159;OR-Tools;0.039001;5.3038153;25.667;1.768;7.667;5.132;1.15;2.517;20.0;0.537;5.0;30.0;2.813;10.0;79;20
160;RL;0.03296;6.258713126182556;28.0;1.565;5.0;1.414;0.329;0.816;27.0;1.15;4.0;30.0;1.886;6.0;80;20
161;OR-Tools;0.048999;6.158700799999999;28.0;1.54;6.0;2.828;0.225;0.816;24.0;1.323;5.0;30.0;1.855;7.0;80;20
162;RL;0.038516;5.731706976890564;22.25;1.433;5.0;10.966;0.688;2.944;6.0;0.47;1.0;30.0;1.987;8.0;81;20
163;OR-Tools;0.035002;6.8082573;29.667;2.269;7.667;0.577;0.655;1.528;29.0;1.603;6.0;30.0;2.914;9.0;81;20
164;RL;0.029963;4.915723353624344;20.5;1.229;5.0;11.21;0.788;3.742;4.0;0.146;1.0;28.0;1.966;10.0;82;20
165;OR-Tools;0.064;5.4527475;27.333;1.818;7.667;3.055;0.545;2.082;24.0;1.407;6.0;30.0;2.436;10.0;82;20
166;RL;0.038969;5.674408674240112;26.0;1.419;5.0;6.683;0.739;1.826;16.0;0.478;3.0;30.0;2.233;7.0;83;20
167;OR-Tools;0.051996;6.0645228;26.0;1.516;6.0;6.683;0.734;1.414;16.0;0.478;4.0;30.0;2.209;7.0;83;20
168;RL;0.034965;5.295149028301239;25.75;1.324;5.0;4.787;0.396;0.816;19.0;0.771;4.0;30.0;1.667;6.0;84;20
169;OR-Tools;0.051997;5.388170700000001;25.75;1.347;6.0;6.131;0.509;1.414;17.0;0.59;4.0;30.0;1.661;7.0;84;20
170;RL;0.038991;6.7935978174209595;27.5;1.698;5.0;2.38;0.137;0.816;25.0;1.584;4.0;30.0;1.889;6.0;85;20
171;OR-Tools;0.043997;6.5958253;27.5;1.649;6.0;1.732;0.184;0.816;26.0;1.43;5.0;29.0;1.878;7.0;85;20
172;RL;0.037002;6.8161903619766235;28.0;2.272;6.667;1.0;0.407;1.155;27.0;1.82;6.0;29.0;2.608;8.0;86;20
173;OR-Tools;0.060523;6.733987;28.0;2.245;7.667;3.464;0.722;2.517;24.0;1.412;5.0;30.0;2.695;10.0;86;20
174;RL;0.033973;5.808566570281982;28.667;1.936;6.667;0.577;0.095;1.155;28.0;1.826;6.0;29.0;1.994;8.0;87;20
175;OR-Tools;0.042998;5.8988383;28.667;1.966;7.667;0.577;0.271;2.082;28.0;1.795;6.0;29.0;2.279;10.0;87;20
176;RL;0.035551;5.436169803142548;23.25;1.359;5.0;5.123;0.471;2.449;18.0;0.787;2.0;29.0;1.768;7.0;88;20
177;OR-Tools;0.094999;5.0122946;23.25;1.253;6.0;9.743;0.75;2.944;9.0;0.334;2.0;30.0;2.171;9.0;88;20
178;RL;0.028995;5.871776789426804;25.5;1.468;5.0;7.047;0.892;2.944;15.0;0.218;2.0;30.0;2.271;9.0;89;20
179;OR-Tools;0.044996;5.8926553;25.5;1.473;6.0;7.141;0.886;2.449;15.0;0.218;3.0;30.0;2.184;8.0;89;20
180;RL;0.040004;6.106982588768005;22.75;1.527;5.0;9.845;0.482;0.816;8.0;0.829;4.0;28.0;1.904;6.0;90;20
181;OR-Tools;0.051;6.6219708;22.75;1.655;6.0;8.221;0.792;2.16;11.0;0.722;3.0;30.0;2.657;8.0;90;20
182;RL;0.033963;7.0412638783454895;24.5;1.76;5.0;8.347;0.817;0.816;12.0;0.621;4.0;29.0;2.508;6.0;91;20
183;OR-Tools;0.067004;7.2742019;24.5;1.819;6.0;10.344;1.069;2.16;9.0;0.227;3.0;30.0;2.473;8.0;91;20
184;RL;0.037002;6.824849724769592;25.0;1.365;4.0;9.0;0.684;1.871;9.0;0.257;1.0;30.0;1.905;6.0;92;20
185;OR-Tools;0.048998;7.149644800000001;25.0;1.43;5.0;6.083;0.416;1.581;17.0;0.934;3.0;30.0;1.883;7.0;92;20
186;RL;0.041968;5.959517657756805;22.2;1.192;4.0;3.564;0.622;1.414;17.0;0.429;2.0;26.0;1.923;6.0;93;20
187;OR-Tools;0.048963;5.8049187;27.75;1.451;6.0;2.63;0.519;0.816;24.0;0.81;5.0;30.0;1.98;7.0;93;20
188;RL;0.037993;6.61177721619606;22.8;1.322;4.0;9.284;0.611;1.871;7.0;0.343;1.0;30.0;1.995;6.0;94;20
189;OR-Tools;0.047;6.588987100000001;28.5;1.647;6.0;1.291;0.533;1.414;27.0;1.094;5.0;30.0;2.18;8.0;94;20
190;RL;0.042004;5.375254034996033;27.667;1.792;6.667;1.155;0.285;0.577;27.0;1.47;6.0;29.0;2.01;7.0;95;20
191;OR-Tools;0.055992;5.2664463;27.667;1.755;7.667;2.082;0.586;2.082;26.0;1.086;6.0;30.0;2.17;10.0;95;20
192;RL;0.032996;6.223147913813591;22.25;1.556;5.0;12.971;0.987;2.708;3.0;0.108;1.0;30.0;2.25;7.0;96;20
193;OR-Tools;0.052997;6.681409;29.667;2.227;7.667;0.577;0.566;0.577;29.0;1.61;7.0;30.0;2.723;8.0;96;20
194;RL;0.028038;6.279022932052612;24.75;1.57;5.0;6.652;0.636;1.155;15.0;0.816;4.0;30.0;2.362;6.0;97;20
195;OR-Tools;0.034994;6.282615700000001;24.75;1.571;6.0;6.551;0.615;1.155;15.0;0.816;5.0;29.0;2.318;7.0;97;20
196;RL;0.027964;5.739081621170044;26.75;1.435;5.0;3.202;0.57;1.155;24.0;0.632;4.0;30.0;1.904;6.0;98;20
197;OR-Tools;0.063996;5.7482055;26.75;1.437;6.0;3.403;0.683;1.826;22.0;0.604;4.0;30.0;2.229;8.0;98;20
198;RL;0.028001;5.609636187553406;24.25;1.402;5.0;2.217;0.763;1.826;22.0;0.562;3.0;27.0;2.358;7.0;99;20
199;OR-Tools;0.095998;5.4866268;24.25;1.372;6.0;3.862;0.612;1.414;20.0;0.562;4.0;28.0;2.042;7.0;99;20
0;RL;0.018968;4.383836388587952;18.333;1.461;3.333;1.528;0.359;0.577;17.0;1.115;3.0;20.0;1.832;4.0;0;10
1;OR-Tools;0.012996;4.3143443;18.333;1.438;4.333;2.082;0.597;0.577;16.0;0.751;4.0;20.0;1.832;5.0;0;10
2;RL;0.021001;4.218979239463806;15.667;1.406;3.333;3.786;0.464;1.155;13.0;0.896;2.0;20.0;1.802;4.0;1;10
3;OR-Tools;0.020997;4.2015978;15.667;1.401;4.333;3.786;0.462;1.155;13.0;0.896;3.0;20.0;1.802;5.0;1;10
4;RL;0.018002;3.318462371826172;14.0;1.106;3.333;4.359;0.479;1.528;9.0;0.745;2.0;17.0;1.649;5.0;2;10
5;OR-Tools;0.026998;3.3095054;14.0;1.103;4.333;2.646;0.487;1.528;12.0;0.715;3.0;17.0;1.649;6.0;2;10
6;RL;0.019971;3.8904676139354706;13.667;1.297;3.333;5.033;0.898;2.082;9.0;0.295;1.0;19.0;2.029;5.0;3;10
7;OR-Tools;0.024001;3.8012445;13.667;1.267;4.333;5.033;0.862;2.082;9.0;0.295;2.0;19.0;1.94;6.0;3;10
8;RL;0.029997;5.334395229816437;16.0;1.334;2.5;5.354;0.557;1.0;8.0;0.764;1.0;19.0;2.078;3.0;4;10
9;OR-Tools;0.024998;5.1487845000000005;16.0;1.287;3.5;3.83;0.46;0.577;11.0;0.882;3.0;19.0;1.898;4.0;4;10
10;RL;0.039012;4.692221999168396;16.667;1.564;3.333;2.517;0.52;0.577;14.0;1.043;3.0;19.0;2.084;4.0;5;10
11;OR-Tools;0.027997;4.450333199999999;16.667;1.483;4.333;4.933;0.768;1.155;11.0;1.037;3.0;20.0;2.37;5.0;5;10
12;RL;0.026036;3.1459752321243286;20.0;1.573;5.0;0.0;1.045;1.414;20.0;0.834;4.0;20.0;2.312;6.0;6;10
13;OR-Tools;0.025999;3.1458611999999997;20.0;1.573;6.0;0.0;1.045;1.414;20.0;0.834;5.0;20.0;2.312;7.0;6;10
14;RL;0.025001;4.970285177230835;16.667;1.657;3.333;2.517;0.951;0.577;14.0;0.923;3.0;19.0;2.731;4.0;7;10
15;OR-Tools;0.014999;4.9702841;16.667;1.657;4.333;2.517;0.951;0.577;14.0;0.923;4.0;19.0;2.731;5.0;7;10
16;RL;0.022998;4.350373148918152;14.75;1.088;2.5;5.909;0.589;1.291;6.0;0.543;1.0;19.0;1.751;4.0;8;10
17;OR-Tools;0.021998;5.0009279;19.667;1.667;4.333;0.577;0.579;0.577;19.0;1.0;4.0;20.0;2.044;5.0;8;10
18;RL;0.017965;3.8375092148780823;19.0;1.279;3.333;1.0;0.349;0.577;18.0;0.881;3.0;20.0;1.534;4.0;9;10
19;OR-Tools;0.025002;3.8375085999999996;19.0;1.279;4.333;1.0;0.349;0.577;18.0;0.881;4.0;20.0;1.534;5.0;9;10
20;RL;0.019;4.223273754119873;15.667;1.408;3.333;3.786;1.068;1.528;13.0;0.481;2.0;20.0;2.575;5.0;10;10
21;OR-Tools;0.032998;4.0359271;15.667;1.345;4.333;5.774;0.927;1.155;9.0;0.721;3.0;19.0;2.411;5.0;10;10
22;RL;0.027998;5.20827043056488;15.0;1.736;3.333;5.196;0.896;1.155;9.0;0.843;2.0;18.0;2.635;4.0;11;10
23;OR-Tools;0.043;5.519441800000001;15.0;1.84;4.333;7.81;0.963;2.082;6.0;0.754;2.0;20.0;2.589;6.0;11;10
24;RL;0.031998;3.5549511909484863;16.0;1.185;3.333;3.464;0.338;1.528;14.0;0.827;2.0;20.0;1.498;5.0;12;10
25;OR-Tools;0.035999;4.2640756;16.0;1.421;4.333;5.196;0.719;1.528;10.0;0.9;3.0;19.0;2.242;6.0;12;10
26;RL;0.022998;3.6175928115844727;18.0;1.809;5.0;1.414;0.602;1.414;17.0;1.383;4.0;19.0;2.234;6.0;13;10
27;OR-Tools;0.038005;3.6033036000000003;18.0;1.802;6.0;2.828;0.581;0.0;16.0;1.391;6.0;20.0;2.213;6.0;13;10
28;RL;0.035002;3.5051159262657166;17.0;1.168;3.333;4.359;0.549;0.577;12.0;0.743;3.0;20.0;1.788;4.0;14;10
29;OR-Tools;0.024001;3.8214225;17.0;1.274;4.333;4.359;0.944;1.528;12.0;0.728;3.0;20.0;2.364;6.0;14;10
30;RL;0.025955;5.244988918304443;18.667;1.748;3.333;2.309;0.691;0.577;16.0;1.012;3.0;20.0;2.382;4.0;15;10
31;OR-Tools;0.017;5.2449884;18.667;1.748;4.333;2.309;0.691;0.577;16.0;1.012;4.0;20.0;2.382;5.0;15;10
32;RL;0.018996;5.0677685141563416;16.333;1.689;3.333;4.726;0.858;1.528;11.0;0.717;2.0;20.0;2.34;5.0;16;10
33;OR-Tools;0.023998;5.638978700000001;16.333;1.88;4.333;2.517;0.727;1.528;14.0;1.424;3.0;19.0;2.718;6.0;16;10
34;RL;0.024003;5.578207015991211;15.333;1.859;3.333;5.033;0.496;1.528;10.0;1.447;2.0;20.0;2.409;5.0;17;10
35;OR-Tools;0.014999;5.525049;15.333;1.842;4.333;5.033;0.466;1.528;10.0;1.447;3.0;20.0;2.356;6.0;17;10
36;RL;0.017953;4.508209228515625;18.5;2.254;5.0;2.121;0.878;1.414;17.0;1.633;4.0;20.0;2.875;6.0;18;10
37;OR-Tools;0.018036;4.5082085;18.5;2.254;6.0;2.121;0.878;1.414;17.0;1.633;5.0;20.0;2.875;7.0;18;10
38;RL;0.023967;4.6643189787864685;15.25;1.166;2.5;5.852;0.516;0.577;8.0;0.551;2.0;20.0;1.806;3.0;19;10
39;OR-Tools;0.020042;4.6643184;15.25;1.166;3.5;5.852;0.516;0.577;8.0;0.551;3.0;20.0;1.806;4.0;19;10
40;RL;0.018958;3.6772372722625732;18.667;1.226;3.333;0.577;0.376;0.577;18.0;0.9;3.0;19.0;1.637;4.0;20;10
41;OR-Tools;0.021001;3.7192841;18.667;1.24;4.333;1.528;0.335;0.577;17.0;0.965;4.0;20.0;1.613;5.0;20;10
42;RL;0.017004;4.074646830558777;15.0;1.358;3.333;1.732;0.619;0.577;13.0;0.71;3.0;16.0;1.942;4.0;21;10
43;OR-Tools;0.015996;3.9771589;15.0;1.326;4.333;4.359;0.935;1.528;12.0;0.71;3.0;20.0;2.401;6.0;21;10
44;RL;0.019962;3.9198665618896484;19.0;1.96;5.0;1.414;0.269;1.414;18.0;1.77;4.0;20.0;2.15;6.0;22;10
45;OR-Tools;0.022037;4.0187928;19.0;2.009;6.0;1.414;0.754;1.414;18.0;1.477;5.0;20.0;2.542;7.0;22;10
46;RL;0.023922;4.658293724060059;20.0;2.329;5.0;0.0;0.067;1.414;20.0;2.282;4.0;20.0;2.377;6.0;23;10
47;OR-Tools;0.013;5.0720797;20.0;2.536;6.0;0.0;0.635;1.414;20.0;2.087;5.0;20.0;2.985;7.0;23;10
48;RL;0.019994;5.368553996086121;16.667;1.79;3.333;2.309;0.363;1.155;14.0;1.559;2.0;18.0;2.208;4.0;24;10
49;OR-Tools;0.015004;5.3621243;16.667;1.787;4.333;2.309;0.365;1.155;14.0;1.553;3.0;18.0;2.208;5.0;24;10
50;RL;0.023006;3.69279682636261;17.0;1.231;3.333;3.0;0.663;1.155;14.0;0.503;2.0;20.0;1.798;4.0;25;10
51;OR-Tools;0.018001;3.7053572;17.0;1.235;4.333;2.646;0.596;0.577;15.0;0.546;4.0;20.0;1.582;5.0;25;10
52;RL;0.02396;5.467085242271423;19.333;1.822;3.333;1.155;0.794;0.577;18.0;0.917;3.0;20.0;2.402;4.0;26;10
53;OR-Tools;0.027001;5.443234100000001;19.333;1.814;4.333;1.155;0.785;0.577;18.0;0.917;4.0;20.0;2.378;5.0;26;10
54;RL;0.021964;4.484841346740723;17.0;1.495;3.333;2.0;0.561;1.155;15.0;1.152;2.0;19.0;2.142;4.0;27;10
55;OR-Tools;0.017001;4.4836371999999995;17.0;1.495;4.333;4.359;0.444;1.155;12.0;0.999;3.0;20.0;1.855;5.0;27;10
56;RL;0.021998;4.364219903945923;15.333;1.455;3.333;3.512;0.345;1.528;12.0;1.121;2.0;19.0;1.81;5.0;28;10
57;OR-Tools;0.016997;4.2080257;15.333;1.403;4.333;6.351;0.585;2.082;8.0;0.733;2.0;19.0;1.81;6.0;28;10
58;RL;0.017003;4.2456919848918915;14.333;1.415;3.333;9.815;1.154;2.082;3.0;0.147;1.0;20.0;2.404;5.0;29;10
59;OR-Tools;0.022001;4.2064936;14.333;1.402;4.333;9.815;1.069;2.082;3.0;0.276;2.0;20.0;2.404;6.0;29;10
60;RL;0.016999;4.678063273429871;16.0;1.559;3.333;2.646;0.259;0.577;13.0;1.312;3.0;18.0;1.828;4.0;30;10
61;OR-Tools;0.023;4.6780624;16.0;1.559;4.333;2.646;0.259;0.577;13.0;1.312;4.0;18.0;1.828;5.0;30;10
62;RL;0.018001;4.875827848911285;15.75;1.219;2.5;2.63;0.33;0.577;13.0;0.947;2.0;18.0;1.683;3.0;31;10
63;OR-Tools;0.014967;4.8697359;15.75;1.217;3.5;2.63;0.327;0.577;13.0;0.947;3.0;18.0;1.677;4.0;31;10
64;RL;0.026996;3.6490061283111572;15.0;1.216;3.333;6.083;0.502;1.155;8.0;0.637;2.0;19.0;1.51;4.0;32;10
65;OR-Tools;0.027997;3.6490053999999996;15.0;1.216;4.333;6.083;0.502;1.155;8.0;0.637;3.0;19.0;1.51;5.0;32;10
66;RL;0.030997;5.413359761238098;16.0;1.804;3.333;4.0;0.613;1.155;12.0;1.184;2.0;20.0;2.41;4.0;33;10
67;OR-Tools;0.028003;5.5963951000000005;16.0;1.865;4.333;1.732;0.418;0.577;15.0;1.383;4.0;18.0;2.129;5.0;33;10
68;RL;0.023996;5.46177065372467;15.25;1.365;2.5;5.188;0.949;1.291;9.0;0.453;1.0;20.0;2.304;4.0;34;10
69;OR-Tools;0.021004;5.4617703;15.25;1.365;3.5;5.188;0.949;1.291;9.0;0.453;2.0;20.0;2.304;5.0;34;10
70;RL;0.027967;4.953359246253967;15.333;1.651;3.333;3.786;1.097;1.155;11.0;0.388;2.0;18.0;2.37;4.0;35;10
71;OR-Tools;0.025998;5.043997599999999;15.333;1.681;4.333;7.234;1.257;2.517;7.0;0.277;2.0;20.0;2.703;7.0;35;10
72;RL;0.026999;3.4772416949272156;13.333;1.159;3.333;5.508;0.956;2.517;7.0;0.311;1.0;17.0;2.195;6.0;36;10
73;OR-Tools;0.025999;4.1328271;20.0;2.066;6.0;0.0;0.429;0.0;20.0;1.763;6.0;20.0;2.37;6.0;36;10
74;RL;0.027992;4.617756813764572;14.75;1.154;2.5;4.272;0.616;1.291;9.0;0.322;1.0;18.0;1.782;4.0;37;10
75;OR-Tools;0.034008;4.5833314;14.75;1.146;3.5;4.5;0.748;1.291;9.0;0.322;2.0;20.0;1.919;5.0;37;10
76;RL;0.024002;4.318521976470947;20.0;2.159;5.0;0.0;0.11;1.414;20.0;2.082;4.0;20.0;2.237;6.0;38;10
77;OR-Tools;0.025007;4.3194768;20.0;2.16;6.0;0.0;0.509;0.0;20.0;1.8;6.0;20.0;2.52;6.0;38;10
78;RL;0.031004;5.989935517311096;19.0;1.997;3.333;1.0;0.466;0.577;18.0;1.619;3.0;20.0;2.517;4.0;39;10
79;OR-Tools;0.027008;6.078967499999999;19.0;2.026;4.333;1.732;0.381;0.577;17.0;1.806;4.0;20.0;2.467;5.0;39;10
80;RL;0.029006;4.0218634605407715;14.333;1.341;3.333;3.786;0.742;1.528;10.0;0.759;2.0;17.0;2.177;5.0;40;10
81;OR-Tools;0.025;4.158674100000001;14.333;1.386;4.333;6.028;0.711;2.082;8.0;0.588;2.0;20.0;1.951;6.0;40;10
82;RL;0.025001;3.872944712638855;18.5;1.936;5.0;0.707;0.005;1.414;18.0;1.933;4.0;19.0;1.94;6.0;41;10
83;OR-Tools;0.028999;3.8524161;18.5;1.926;6.0;0.707;0.01;1.414;18.0;1.919;5.0;19.0;1.933;7.0;41;10
84;RL;0.019003;6.634524941444397;16.25;1.659;2.5;2.872;0.564;1.0;12.0;1.17;2.0;18.0;2.383;4.0;42;10
85;OR-Tools;0.02;6.0111984000000005;16.25;1.503;3.5;4.992;0.498;1.291;9.0;0.932;2.0;20.0;2.148;5.0;42;10
86;RL;0.028001;3.5379635393619537;15.0;1.179;3.333;6.245;0.627;2.082;8.0;0.459;1.0;20.0;1.61;5.0;43;10
87;OR-Tools;0.019998;3.7484336;15.0;1.249;4.333;6.245;0.915;2.082;8.0;0.459;2.0;20.0;2.251;6.0;43;10
88;RL;0.021001;5.7060383558273315;17.0;1.427;2.5;2.944;0.629;1.0;13.0;0.78;2.0;20.0;2.288;4.0;44;10
89;OR-Tools;0.022995;5.7060376999999995;17.0;1.427;3.5;2.944;0.629;1.0;13.0;0.78;3.0;20.0;2.288;5.0;44;10
90;RL;0.023998;6.347970962524414;18.0;2.116;3.333;2.646;0.562;0.577;15.0;1.616;3.0;20.0;2.724;4.0;45;10
91;OR-Tools;0.019994;6.1890546;18.0;2.063;4.333;2.646;0.477;0.577;15.0;1.616;4.0;20.0;2.565;5.0;45;10
92;RL;0.032002;4.327391266822815;13.667;1.442;3.333;5.033;0.513;1.155;9.0;0.87;2.0;19.0;1.86;4.0;46;10
93;OR-Tools;0.026998;4.6317116;13.667;1.544;4.333;5.686;0.586;1.155;9.0;0.87;3.0;20.0;1.929;5.0;46;10
94;RL;0.020001;4.26253217458725;15.5;1.066;2.5;5.447;0.691;1.0;8.0;0.359;1.0;20.0;2.012;3.0;47;10
95;OR-Tools;0.029004;4.091057;15.5;1.023;3.5;6.455;0.375;0.577;6.0;0.669;3.0;20.0;1.547;4.0;47;10
96;RL;0.026968;5.409345865249634;15.75;1.352;2.5;4.717;0.452;1.0;9.0;0.935;1.0;19.0;1.902;3.0;48;10
97;OR-Tools;0.025031;5.3865721;15.75;1.347;3.5;4.272;0.243;0.577;10.0;1.033;3.0;19.0;1.54;4.0;48;10
98;RL;0.022004;4.193932324647903;13.0;1.398;3.333;7.81;1.041;2.082;4.0;0.236;1.0;18.0;2.248;5.0;49;10
99;OR-Tools;0.022003;4.5511903;19.5;2.276;6.0;0.707;0.611;1.414;19.0;1.844;5.0;20.0;2.708;7.0;49;10
100;RL;0.022035;4.266510009765625;18.0;1.422;3.333;2.646;0.501;1.155;15.0;0.901;2.0;20.0;1.901;4.0;50;10
101;OR-Tools;0.018002;4.2665094;18.0;1.422;4.333;2.646;0.501;1.155;15.0;0.901;3.0;20.0;1.901;5.0;50;10
102;RL;0.021002;3.1241856515407562;15.333;1.041;3.333;5.686;0.817;2.517;9.0;0.153;1.0;20.0;1.761;6.0;51;10
103;OR-Tools;0.026003;3.1241851;15.333;1.041;4.333;5.686;0.817;2.517;9.0;0.153;2.0;20.0;1.761;7.0;51;10
104;RL;0.024998;6.6540175676345825;17.333;2.218;3.333;1.528;0.566;0.577;16.0;1.595;3.0;19.0;2.7;4.0;52;10
105;OR-Tools;0.029002;6.544420200000001;17.333;2.181;4.333;1.155;0.313;0.577;16.0;1.882;4.0;18.0;2.506;5.0;52;10
106;RL;0.020964;4.892757773399353;17.333;1.631;3.333;2.082;0.35;0.577;15.0;1.29;3.0;19.0;1.99;4.0;53;10
107;OR-Tools;0.031006;4.8927572;17.333;1.631;4.333;2.082;0.35;0.577;15.0;1.29;4.0;19.0;1.99;5.0;53;10
108;RL;0.019962;5.3065624833106995;14.5;1.327;2.5;5.066;0.804;1.291;8.0;0.603;1.0;19.0;2.46;4.0;54;10
109;OR-Tools;0.028;5.3065619;14.5;1.327;3.5;5.066;0.804;1.291;8.0;0.603;2.0;19.0;2.46;5.0;54;10
110;RL;0.019965;4.9181517362594604;18.333;1.639;3.333;1.528;0.739;0.577;17.0;1.058;3.0;20.0;2.471;4.0;55;10
111;OR-Tools;0.014;4.918151;18.333;1.639;4.333;1.528;0.739;0.577;17.0;1.058;4.0;20.0;2.471;5.0;55;10
112;RL;0.019;4.2605398297309875;14.0;1.42;3.333;7.81;0.888;2.517;5.0;0.45;1.0;19.0;2.194;6.0;56;10
113;OR-Tools;0.028999;4.2573308;14.0;1.419;4.333;7.81;0.888;2.517;5.0;0.45;2.0;19.0;2.194;7.0;56;10
114;RL;0.019997;4.1763694286346436;16.5;2.088;5.0;2.121;1.229;2.828;15.0;1.219;3.0;18.0;2.957;7.0;57;10
115;OR-Tools;0.02;4.3869705;16.5;2.193;6.0;2.121;0.977;1.414;15.0;1.502;5.0;18.0;2.885;7.0;57;10
116;RL;0.023;4.661835014820099;13.75;1.165;2.5;6.5;0.706;1.291;5.0;0.433;1.0;20.0;2.113;4.0;58;10
117;OR-Tools;0.023;4.5461105;18.333;1.515;4.333;1.155;0.912;0.577;17.0;0.909;4.0;19.0;2.565;5.0;58;10
118;RL;0.018996;5.594668507575989;15.667;1.865;3.333;4.041;0.651;0.577;12.0;1.162;3.0;20.0;2.446;4.0;59;10
119;OR-Tools;0.029998;5.5946678;15.667;1.865;4.333;4.041;0.651;0.577;12.0;1.162;4.0;20.0;2.446;5.0;59;10
120;RL;0.024966;4.801299333572388;19.333;1.6;3.333;0.577;0.438;0.577;19.0;1.221;3.0;20.0;2.079;4.0;60;10
121;OR-Tools;0.027994;4.8012986;19.333;1.6;4.333;0.577;0.438;0.577;19.0;1.221;4.0;20.0;2.079;5.0;60;10
122;RL;0.023008;4.448680520057678;15.667;1.483;3.333;4.163;0.16;0.577;11.0;1.298;3.0;19.0;1.587;4.0;61;10
123;OR-Tools;0.023998;4.3793714;15.667;1.46;4.333;5.774;0.455;1.155;9.0;0.962;3.0;19.0;1.854;5.0;61;10
124;RL;0.026998;4.399877667427063;18.667;1.467;3.333;1.155;0.379;1.155;18.0;1.18;2.0;20.0;1.897;4.0;62;10
125;OR-Tools;0.020997;4.3719187;18.667;1.457;4.333;1.155;0.385;1.155;18.0;1.18;3.0;20.0;1.897;5.0;62;10
126;RL;0.020005;4.971067860722542;16.5;1.243;2.5;5.686;0.825;1.0;8.0;0.245;1.0;20.0;2.148;3.0;63;10
127;OR-Tools;0.026999;4.9394431999999995;16.5;1.235;3.5;5.686;0.828;1.0;8.0;0.245;2.0;20.0;2.148;4.0;63;10
128;RL;0.020005;3.5449652820825577;15.0;1.182;3.333;5.292;0.93;2.082;9.0;0.128;1.0;19.0;1.89;5.0;64;10
129;OR-Tools;0.016002;3.4833765;15.0;1.161;4.333;5.568;0.909;2.082;9.0;0.128;2.0;20.0;1.839;6.0;64;10
130;RL;0.02396;4.9665016531944275;14.0;1.656;3.333;7.81;0.996;2.517;5.0;0.51;1.0;19.0;2.32;6.0;65;10
131;OR-Tools;0.026;4.926212100000001;14.0;1.642;4.333;6.245;0.793;1.528;7.0;0.728;3.0;19.0;2.137;6.0;65;10
132;RL;0.027999;4.6118656396865845;15.25;1.153;2.5;4.272;0.735;1.291;9.0;0.409;1.0;18.0;1.847;4.0;66;10
133;OR-Tools;0.023995;4.6227058;15.25;1.156;3.5;4.349;0.755;1.291;9.0;0.409;2.0;19.0;1.996;5.0;66;10
134;RL;0.018013;4.718457102775574;14.333;1.573;3.333;5.033;0.657;1.528;9.0;0.847;2.0;19.0;2.128;5.0;67;10
135;OR-Tools;0.02;4.7184566;14.333;1.573;4.333;5.033;0.657;1.528;9.0;0.847;3.0;19.0;2.128;6.0;67;10
136;RL;0.020999;3.825971841812134;19.0;1.913;5.0;1.414;0.248;1.414;18.0;1.738;4.0;20.0;2.088;6.0;68;10
137;OR-Tools;0.022002;3.7819936;19.0;1.891;6.0;1.414;0.313;0.0;18.0;1.67;6.0;20.0;2.112;6.0;68;10
138;RL;0.018001;4.390186667442322;19.333;1.463;3.333;0.577;0.305;0.577;19.0;1.14;3.0;20.0;1.746;4.0;69;10
139;OR-Tools;0.027033;4.5165383;19.333;1.506;4.333;0.577;0.475;0.577;19.0;0.958;4.0;20.0;1.812;5.0;69;10
140;RL;0.021003;4.808182716369629;15.667;1.603;3.333;2.309;0.516;1.155;13.0;1.037;2.0;17.0;2.049;4.0;70;10
141;OR-Tools;0.017999;4.808182199999999;15.667;1.603;4.333;2.309;0.516;1.155;13.0;1.037;3.0;17.0;2.049;5.0;70;10
142;RL;0.023001;5.957072854042053;15.25;1.489;2.5;5.123;0.689;1.0;8.0;0.745;1.0;20.0;2.235;3.0;71;10
143;OR-Tools;0.023036;5.7187852999999995;15.25;1.43;3.5;6.292;0.994;1.0;6.0;0.041;2.0;20.0;2.384;4.0;71;10
144;RL;0.018003;5.30213862657547;16.333;1.767;3.333;6.351;0.922;2.082;9.0;0.724;1.0;20.0;2.476;5.0;72;10
145;OR-Tools;0.018003;5.3191308;16.333;1.773;4.333;3.786;0.911;1.528;12.0;0.726;3.0;19.0;2.388;6.0;72;10
146;RL;0.01799;4.183606863021851;17.0;1.395;3.333;4.359;0.446;0.577;12.0;0.913;3.0;20.0;1.795;4.0;73;10
147;OR-Tools;0.020995;4.156728599999999;17.0;1.386;4.333;1.0;0.158;0.577;16.0;1.259;4.0;18.0;1.563;5.0;73;10
148;RL;0.018003;5.54403418302536;13.667;1.848;3.333;5.508;0.743;2.082;8.0;0.999;1.0;19.0;2.383;5.0;74;10
149;OR-Tools;0.020962;4.856245100000001;13.667;1.619;4.333;10.97;1.187;2.082;1.0;0.249;2.0;20.0;2.334;6.0;74;10
150;RL;0.020961;4.526844024658203;18.667;1.509;3.333;1.155;0.133;0.577;18.0;1.367;3.0;20.0;1.629;4.0;75;10
151;OR-Tools;0.024964;4.5070784999999995;18.667;1.502;4.333;1.528;0.11;0.577;17.0;1.43;4.0;20.0;1.629;5.0;75;10
152;RL;0.018001;3.4467028379440308;16.0;1.149;3.333;2.0;0.424;1.155;14.0;0.663;2.0;18.0;1.443;4.0;76;10
153;OR-Tools;0.016014;3.5916053999999997;16.0;1.197;4.333;3.0;0.158;1.528;13.0;1.028;3.0;19.0;1.341;6.0;76;10
154;RL;0.022039;4.768333747982979;14.2;0.954;2.0;4.324;0.544;0.707;7.0;0.239;1.0;18.0;1.664;3.0;77;10
155;OR-Tools;0.016;4.7359234;17.75;1.184;3.5;2.63;0.597;0.577;14.0;0.422;3.0;20.0;1.823;4.0;77;10
156;RL;0.016998;5.496889114379883;16.667;1.832;3.333;2.517;0.937;1.528;14.0;0.997;2.0;19.0;2.845;5.0;78;10
157;OR-Tools;0.012999;5.936463;16.667;1.979;4.333;2.887;0.57;1.528;15.0;1.321;3.0;20.0;2.325;6.0;78;10
158;RL;0.020999;3.5804508924484253;17.667;1.193;3.333;0.577;0.158;0.577;17.0;1.046;3.0;18.0;1.359;4.0;79;10
159;OR-Tools;0.014992;3.7808871;17.667;1.26;4.333;1.155;0.179;0.577;17.0;1.139;4.0;19.0;1.466;5.0;79;10
160;RL;0.016998;4.1957016587257385;16.333;1.399;3.333;3.215;0.766;1.528;14.0;0.517;2.0;20.0;1.905;5.0;80;10
161;OR-Tools;0.019788;4.0667007;16.333;1.356;4.333;3.215;0.912;1.528;14.0;0.517;3.0;20.0;2.326;6.0;80;10
162;RL;0.017967;5.973284125328064;15.0;1.991;3.333;7.81;0.889;1.528;6.0;1.12;2.0;20.0;2.897;5.0;81;10
163;OR-Tools;0.018033;5.7986372;15.0;1.933;4.333;8.66;0.377;1.528;5.0;1.523;3.0;20.0;2.266;6.0;81;10
164;RL;0.022998;4.038097143173218;14.333;1.346;3.333;5.033;0.698;2.082;9.0;0.705;1.0;19.0;2.09;5.0;82;10
165;OR-Tools;0.024002;4.0380967000000005;14.333;1.346;4.333;5.033;0.698;2.082;9.0;0.705;2.0;19.0;2.09;6.0;82;10
166;RL;0.019997;4.270660400390625;14.333;1.424;3.333;3.055;0.891;1.528;11.0;0.681;2.0;17.0;2.412;5.0;83;10
167;OR-Tools;0.021994;4.2312843;14.333;1.41;4.333;6.028;1.106;2.517;8.0;0.439;2.0;20.0;2.614;7.0;83;10
168;RL;0.034999;3.3303099274635315;15.25;0.833;2.5;6.292;0.729;1.291;6.0;0.108;1.0;20.0;1.783;4.0;84;10
169;OR-Tools;0.018003;3.2871903;15.25;0.822;3.5;6.292;0.711;1.291;6.0;0.108;2.0;20.0;1.74;5.0;84;10
170;RL;0.024963;5.47591507434845;17.333;1.825;3.333;1.155;0.595;0.577;16.0;1.279;3.0;18.0;2.459;4.0;85;10
171;OR-Tools;0.017465;5.268033;17.333;1.756;4.333;2.082;0.896;0.577;15.0;1.145;4.0;19.0;2.785;5.0;85;10
172;RL;0.02305;3.9364460110664368;18.0;1.312;3.333;2.0;0.377;1.155;16.0;0.878;2.0;20.0;1.557;4.0;86;10
173;OR-Tools;0.019002;4.1559042999999996;18.0;1.385;4.333;2.0;0.366;0.577;16.0;0.965;4.0;20.0;1.634;5.0;86;10
174;RL;0.018022;3.925160765647888;18.667;1.308;3.333;1.155;0.699;1.155;18.0;0.789;2.0;20.0;2.103;4.0;87;10
175;OR-Tools;0.016992;3.9251601000000003;18.667;1.308;4.333;1.155;0.699;1.155;18.0;0.789;3.0;20.0;2.103;5.0;87;10
176;RL;0.019;5.500123590230942;15.0;1.375;2.5;5.033;0.792;1.291;8.0;0.277;1.0;20.0;2.153;4.0;88;10
177;OR-Tools;0.016998;5.494592699999999;15.0;1.374;3.5;5.598;0.697;1.291;7.0;0.505;2.0;20.0;2.153;5.0;88;10
178;RL;0.020042;3.4656432569026947;13.667;1.155;3.333;8.505;0.785;2.082;4.0;0.268;1.0;20.0;1.758;5.0;89;10
179;OR-Tools;0.021005;3.4656423999999997;13.667;1.155;4.333;8.505;0.785;2.082;4.0;0.268;2.0;20.0;1.758;6.0;89;10
180;RL;0.025006;5.543148308992386;15.25;1.386;2.5;1.5;0.763;1.0;14.0;0.389;2.0;17.0;2.093;4.0;90;10
181;OR-Tools;0.019996;5.276906500000001;15.25;1.319;3.5;5.679;1.057;1.291;7.0;0.12;2.0;19.0;2.695;5.0;90;10
182;RL;0.019999;5.5634108781814575;16.333;1.854;3.333;5.508;0.513;1.155;10.0;1.322;2.0;20.0;2.346;4.0;91;10
183;OR-Tools;0.021997;5.8575603;16.333;1.953;4.333;5.508;0.359;1.528;10.0;1.573;3.0;20.0;2.287;6.0;91;10
184;RL;0.022999;6.784305810928345;19.333;2.261;3.333;1.155;0.421;0.577;18.0;1.893;3.0;20.0;2.721;4.0;92;10
185;OR-Tools;0.021;6.5359904;19.333;2.179;4.333;1.155;0.335;0.577;18.0;1.87;4.0;20.0;2.535;5.0;92;10
186;RL;0.021966;5.242301344871521;19.333;1.747;3.333;0.577;0.197;0.577;19.0;1.521;3.0;20.0;1.872;4.0;93;10
187;OR-Tools;0.011997;5.2423006;19.333;1.747;4.333;0.577;0.197;0.577;19.0;1.521;4.0;20.0;1.872;5.0;93;10
188;RL;0.023985;3.26861035823822;17.667;1.09;3.333;0.577;0.414;0.577;17.0;0.808;3.0;18.0;1.565;4.0;94;10
189;OR-Tools;0.017999;3.2686098;17.667;1.09;4.333;0.577;0.414;0.577;17.0;0.808;4.0;18.0;1.565;5.0;94;10
190;RL;0.017998;5.249043822288513;16.667;1.75;3.333;3.055;0.711;1.155;14.0;1.192;2.0;20.0;2.551;4.0;95;10
191;OR-Tools;0.024998;5.1800666;16.667;1.727;4.333;1.155;0.497;0.577;16.0;1.192;4.0;18.0;2.175;5.0;95;10
192;RL;0.022995;5.165664434432983;17.667;1.722;3.333;2.082;0.922;1.528;16.0;0.742;2.0;20.0;2.571;5.0;96;10
193;OR-Tools;0.017;5.241596100000001;17.667;1.747;4.333;2.517;0.668;1.528;15.0;1.161;3.0;20.0;2.475;6.0;96;10
194;RL;0.021034;4.373414039611816;15.0;1.458;3.333;3.464;0.206;0.577;11.0;1.221;3.0;17.0;1.586;4.0;97;10
195;OR-Tools;0.013999;4.3553975000000005;15.0;1.452;4.333;3.464;0.2;0.577;11.0;1.221;4.0;17.0;1.568;5.0;97;10
196;RL;0.023999;4.632109224796295;16.0;1.544;3.333;1.0;0.674;1.528;15.0;0.766;2.0;17.0;1.937;5.0;98;10
197;OR-Tools;0.015002;4.6321085;16.0;1.544;4.333;1.0;0.674;1.528;15.0;0.766;3.0;17.0;1.937;6.0;98;10
198;RL;0.022001;5.0158950090408325;14.5;1.254;2.5;4.041;0.765;1.291;9.0;0.647;1.0;18.0;2.282;4.0;99;10
199;OR-Tools;0.020001;4.8299036;19.333;1.61;4.333;0.577;0.5;0.577;19.0;1.034;4.0;20.0;1.939;5.0;99;10
